case_id,transaction_id,customer_id,event_type,leakage_category,amount,amount_at_risk,timestamp,payment_method,payment_status,failure_reason,checkout_started,checkout_completed,subscription_status,mandate_status,invoice_status,invoice_due_date,days_overdue,retry_count,previous_attempt_count,customer_purchase_count,customer_success_rate,customer_lifetime_value,previous_payment_behavior,customer_opt_out,suspicious_flag,communication_allowed,historical_recovery_behavior,ground_truth_recoverable,ground_truth_recovery_outcome,amount_recovered,recovery_observed,recovery_reason,split
CASE00001,TXN000001,CUST00053,payment_success,successful,1607.56,0.0,2026-06-20 21:00:00,Netbanking,success,,True,True,,,,,,0,0,10,0.921,56483.36,reliable,False,False,True,usually_recovers_via_retry,False,not_applicable,0.0,False,not_applicable,train
CASE00002,TXN000002,CUST00418,subscription_renewal_failed,failed_subscription,430.46,430.46,2026-08-04 16:00:00,UPI,failed_recurring,UPI timeout,,,failed,active_pending_retry,,,,0,0,17,0.968,33387.03,reliable,False,False,True,usually_recovers_via_retry,True,recovered,430.46,True,retry_succeeded,train
CASE00003,TXN000003,CUST00275,payment_success,successful,3627.63,0.0,2026-08-16 22:00:00,UPI,success,,True,True,,,,,,0,0,20,0.868,37791.3,reliable,False,False,True,usually_recovers_via_retry,False,not_applicable,0.0,False,not_applicable,train
CASE00004,TXN000004,CUST00349,payment_success,successful,1247.71,0.0,2026-07-24 18:00:00,Card,success,,True,True,,,,,,0,0,21,0.935,18296.07,reliable,False,False,True,usually_recovers_via_retry,False,not_applicable,0.0,False,not_applicable,train
CASE00005,TXN000005,CUST00022,payment_success,successful,3394.88,0.0,2026-06-22 20:00:00,UPI,success,,True,True,,,,,,0,0,6,0.767,3806.0,occasional_failure,False,True,False,usually_needs_reminder,False,not_applicable,0.0,False,not_applicable,train
CASE00006,TXN000006,CUST00228,payment_success,successful,512.6,0.0,2026-06-13 21:00:00,Card,success,,True,True,,,,,,0,0,20,0.938,19691.26,reliable,False,False,True,usually_recovers_via_retry,False,not_applicable,0.0,False,not_applicable,test
CASE00007,TXN000007,CUST00285,payment_success,successful,554.4,0.0,2026-06-19 09:00:00,Card,success,,True,True,,,,,,0,0,16,0.803,53734.55,reliable,False,False,True,usually_recovers_via_retry,False,not_applicable,0.0,False,not_applicable,train
CASE00008,TXN000008,CUST00135,subscription_renewal_failed,failed_subscription,710.33,710.33,2026-07-24 07:00:00,UPI,failed_recurring,bank decline,,,failed,active_pending_retry,,,,0,0,25,0.884,59352.95,reliable,False,False,True,usually_recovers_via_retry,True,recovered,710.33,True,retry_succeeded,train
CASE00009,TXN000009,CUST00191,payment_failed,failed_payment,2232.72,2232.72,2026-07-27 00:00:00,UPI,failed,UPI timeout,True,True,,,,,,3,4,11,0.207,5546.38,frequent_failure,False,True,False,rarely_recovers,False,not_recovered,0.0,True,exceeded_retry_limit_unrecovered,train
CASE00010,TXN000010,CUST00248,checkout_abandoned,checkout_abandonment,1297.19,1297.19,2026-08-19 08:00:00,Card,abandoned,,True,False,,,,,,0,1,4,0.912,12789.16,occasional_failure,False,False,True,usually_needs_reminder,False,not_recovered,0.0,True,no_recovery_within_window,train
CASE00011,TXN000011,CUST00247,payment_success,successful,4152.93,0.0,2026-07-30 01:00:00,Card,success,,True,True,,,,,,0,0,18,0.904,34885.55,reliable,False,False,True,usually_recovers_via_retry,False,not_applicable,0.0,False,not_applicable,train
CASE00012,TXN000012,CUST00017,checkout_abandoned,checkout_abandonment,7032.61,7032.61,2026-05-22 14:00:00,UPI,abandoned,,True,False,,,,,,0,0,22,0.86,16663.68,reliable,False,False,True,usually_recovers_via_retry,True,recovered,7032.61,True,paid_after_reminder_or_link,train
CASE00013,TXN000013,CUST00197,payment_success,successful,3139.41,0.0,2026-06-19 20:00:00,Netbanking,success,,True,True,,,,,,0,0,24,0.962,42906.6,reliable,False,False,True,usually_recovers_via_retry,False,not_applicable,0.0,False,not_applicable,train
CASE00014,TXN000014,CUST00094,checkout_abandoned,checkout_abandonment,1400.11,1400.11,2026-06-17 10:00:00,Card,abandoned,,True,False,,,,,,0,1,9,0.627,8476.85,occasional_failure,False,False,True,usually_needs_reminder,False,not_recovered,0.0,True,no_recovery_within_window,train
CASE00015,TXN000015,CUST00412,payment_success,successful,1190.46,0.0,2026-06-11 23:00:00,UPI,success,,True,True,,,,,,0,0,11,0.975,23850.28,reliable,False,False,True,usually_recovers_via_retry,False,not_applicable,0.0,False,not_applicable,train
CASE00016,TXN000016,CUST00441,payment_success,successful,3095.53,0.0,2026-05-23 13:00:00,Netbanking,success,,True,True,,,,,,0,0,25,0.909,270987.23,reliable,False,False,True,usually_recovers_via_retry,False,not_applicable,0.0,False,not_applicable,train
CASE00017,TXN000017,CUST00133,invoice_overdue,overdue_receivable,17640.9,17640.9,2026-08-20 00:00:00,Card,overdue,,,,,,overdue,2026-08-13,7.0,0,1,26,0.931,49183.94,reliable,False,False,True,usually_recovers_via_retry,True,recovered,13259.63,True,paid_after_reminder_or_link,train
CASE00018,TXN000018,CUST00077,payment_success,successful,676.22,0.0,2026-07-05 00:00:00,UPI,success,,True,True,,,,,,0,0,3,0.848,4197.97,occasional_failure,False,False,True,usually_needs_reminder,False,not_applicable,0.0,False,not_applicable,train
CASE00019,TXN000019,CUST00096,checkout_abandoned,checkout_abandonment,3015.39,3015.39,2026-05-30 19:00:00,UPI,abandoned,,True,False,,,,,,0,0,31,0.975,17210.29,reliable,False,False,True,usually_recovers_via_retry,True,recovered,3015.39,True,paid_after_reminder_or_link,train
CASE00020,TXN000020,CUST00215,payment_success,successful,681.74,0.0,2026-07-02 14:00:00,Card,success,,True,True,,,,,,0,0,22,0.836,43926.17,reliable,False,False,True,usually_recovers_via_retry,False,not_applicable,0.0,False,not_applicable,train
CASE00021,TXN000021,CUST00394,payment_success,successful,3937.41,0.0,2026-08-15 21:00:00,UPI,success,,True,True,,,,,,0,0,21,0.889,26266.95,reliable,False,False,True,usually_recovers_via_retry,False,not_applicable,0.0,False,not_applicable,train
CASE00022,TXN000022,CUST00225,payment_failed,failed_payment,9413.77,9413.77,2026-07-30 14:00:00,UPI,failed,UPI timeout,True,True,,,,,,0,1,6,0.796,5639.92,occasional_failure,False,False,True,usually_needs_reminder,True,recovered,9413.77,True,retry_succeeded,validation
CASE00023,TXN000023,CUST00023,invoice_overdue,overdue_receivable,2747.53,2747.53,2026-08-20 00:00:00,UPI,overdue,,,,,,overdue,2026-08-15,5.0,0,0,10,0.181,6316.7,frequent_failure,False,False,True,rarely_recovers,True,recovered,2531.75,True,paid_after_reminder_or_link,train
CASE00024,TXN000024,CUST00017,payment_failed,failed_payment,1038.18,1038.18,2026-08-17 20:00:00,Netbanking,failed,bank decline,True,True,,,,,,0,1,22,0.86,16663.68,reliable,False,False,True,usually_recovers_via_retry,True,recovered,1038.18,True,retry_succeeded,train
CASE00025,TXN000025,CUST00101,payment_success,successful,554.64,0.0,2026-07-19 10:00:00,Wallet,success,,True,True,,,,,,0,0,9,0.489,4338.21,frequent_failure,False,False,True,rarely_recovers,False,not_applicable,0.0,False,not_applicable,test
CASE00026,TXN000026,CUST00381,payment_success,successful,1017.09,0.0,2026-07-09 14:00:00,Netbanking,success,,True,True,,,,,,0,0,18,0.622,32066.97,reliable,False,False,True,usually_recovers_via_retry,False,not_applicable,0.0,False,not_applicable,train
CASE00027,TXN000027,CUST00285,payment_success,successful,2251.87,0.0,2026-05-23 09:00:00,Wallet,success,,True,True,,,,,,0,0,16,0.803,53734.55,reliable,False,False,True,usually_recovers_via_retry,False,not_applicable,0.0,False,not_applicable,train
CASE00028,TXN000028,CUST00252,payment_success,successful,2320.77,0.0,2026-08-11 03:00:00,Card,success,,True,True,,,,,,0,0,27,0.88,125480.63,reliable,False,False,True,usually_recovers_via_retry,False,not_applicable,0.0,False,not_applicable,validation
CASE00029,TXN000029,CUST00141,payment_success,successful,787.53,0.0,2026-06-16 14:00:00,UPI,success,,True,True,,,,,,0,0,3,0.844,10728.11,occasional_failure,False,False,True,usually_needs_reminder,False,not_applicable,0.0,False,not_applicable,train
CASE00030,TXN000030,CUST00420,invoice_overdue,overdue_receivable,2628.95,2628.95,2026-08-20 00:00:00,UPI,overdue,,,,,,overdue,2026-08-19,1.0,0,0,9,0.216,6342.52,frequent_failure,False,False,True,rarely_recovers,False,not_recovered,0.0,True,no_recovery_within_window,train
CASE00031,TXN000031,CUST00146,payment_failed,failed_payment,3463.0,3463.0,2026-08-14 00:00:00,UPI,failed,UPI timeout,True,True,,,,,,1,2,8,0.76,8703.67,occasional_failure,False,False,True,usually_needs_reminder,True,recovered,3463.0,True,retry_succeeded,train
CASE00032,TXN000032,CUST00379,payment_success,successful,1302.97,0.0,2026-06-12 15:00:00,Netbanking,success,,True,True,,,,,,0,0,5,0.839,7507.27,occasional_failure,False,False,True,usually_needs_reminder,False,not_applicable,0.0,False,not_applicable,train
CASE00033,TXN000033,CUST00403,payment_success,successful,3732.43,0.0,2026-06-10 12:00:00,Netbanking,success,,True,True,,,,,,0,0,18,0.916,40843.38,reliable,False,False,True,usually_recovers_via_retry,False,not_applicable,0.0,False,not_applicable,train
CASE00034,TXN000034,CUST00216,invoice_overdue,overdue_receivable,9444.48,9444.48,2026-08-20 00:00:00,UPI,overdue,,,,,,overdue,2026-07-26,25.0,0,3,15,0.935,15546.34,reliable,False,False,True,usually_recovers_via_retry,True,recovered,7434.85,True,paid_after_reminder_or_link,train
CASE00035,TXN000035,CUST00403,subscription_renewal_failed,failed_subscription,405.48,405.48,2026-06-07 20:00:00,Netbanking,failed_recurring,network failure,,,failed,active_pending_retry,,,,0,0,18,0.916,40843.38,reliable,False,False,True,usually_recovers_via_retry,True,recovered,405.48,True,retry_succeeded,train
CASE00036,TXN000036,CUST00121,payment_success,successful,665.4,0.0,2026-08-13 08:00:00,Netbanking,success,,True,True,,,,,,0,0,22,0.919,17484.45,reliable,False,False,True,usually_recovers_via_retry,False,not_applicable,0.0,False,not_applicable,train
CASE00037,TXN000037,CUST00301,subscription_renewal_failed,failed_subscription,228.59,228.59,2026-08-16 02:00:00,UPI,failed_recurring,UPI timeout,,,failed,active_pending_retry,,,,0,1,21,0.924,56181.23,reliable,False,False,True,usually_recovers_via_retry,True,recovered,228.59,True,retry_succeeded,validation
CASE00038,TXN000038,CUST00039,payment_failed,failed_payment,2179.61,2179.61,2026-05-23 19:00:00,Card,failed,authentication failure,True,True,,,,,,0,1,0,0.084,1792.55,new,False,False,True,new_customer,True,recovered,2179.61,True,retry_succeeded,train
CASE00039,TXN000039,CUST00213,payment_failed,failed_payment,451.81,451.81,2026-07-27 15:00:00,UPI,failed,insufficient funds,True,True,,,,,,0,0,1,0.314,1453.27,new,False,False,True,new_customer,False,not_recovered,0.0,True,no_recovery_within_window,validation
CASE00040,TXN000040,CUST00096,invoice_overdue,overdue_receivable,1308.28,1308.28,2026-08-20 00:00:00,Card,overdue,,,,,,overdue,2026-07-20,31.0,0,0,31,0.975,17210.29,reliable,False,False,True,usually_recovers_via_retry,False,not_recovered,0.0,True,no_recovery_within_window,train
CASE00041,TXN000041,CUST00025,payment_success,successful,1365.57,0.0,2026-06-28 07:00:00,UPI,success,,True,True,,,,,,0,0,20,0.933,19585.24,reliable,False,False,True,usually_recovers_via_retry,False,not_applicable,0.0,False,not_applicable,train
CASE00042,TXN000042,CUST00002,subscription_renewal_failed,failed_subscription,416.96,416.96,2026-06-02 09:00:00,Wallet,failed_recurring,insufficient funds,,,failed,failed,,,,2,3,5,0.69,7848.41,occasional_failure,False,False,True,usually_needs_reminder,False,not_recovered,0.0,True,no_recovery_within_window,train
CASE00043,TXN000043,CUST00144,invoice_overdue,overdue_receivable,20766.36,20766.36,2026-08-20 00:00:00,Netbanking,overdue,,,,,,overdue,2026-07-23,28.0,0,0,19,0.922,18375.78,reliable,False,False,True,usually_recovers_via_retry,True,recovered,14472.54,True,paid_after_reminder_or_link,train
CASE00044,TXN000044,CUST00265,payment_failed,failed_payment,1339.28,1339.28,2026-06-30 16:00:00,Wallet,failed,insufficient funds,True,True,,,,,,2,3,4,0.368,9084.25,frequent_failure,False,False,True,rarely_recovers,False,not_recovered,0.0,True,no_recovery_within_window,train
CASE00045,TXN000045,CUST00203,payment_failed,failed_payment,846.2,846.2,2026-07-09 03:00:00,UPI,failed,bank decline,True,True,,,,,,0,2,6,0.921,14310.06,occasional_failure,False,False,True,usually_needs_reminder,True,recovered,846.2,True,retry_succeeded,train
CASE00046,TXN000046,CUST00133,payment_success,successful,1909.95,0.0,2026-07-28 18:00:00,UPI,success,,True,True,,,,,,0,0,26,0.931,49183.94,reliable,False,False,True,usually_recovers_via_retry,False,not_applicable,0.0,False,not_applicable,train
CASE00047,TXN000047,CUST00447,checkout_abandoned,checkout_abandonment,4507.5,4507.5,2026-07-18 09:00:00,Card,abandoned,,True,False,,,,,,0,1,7,0.19,9397.68,frequent_failure,False,False,True,rarely_recovers,False,not_recovered,0.0,True,no_recovery_within_window,train
CASE00048,TXN000048,CUST00425,subscription_renewal_failed,failed_subscription,516.64,516.64,2026-07-13 21:00:00,UPI,failed_recurring,network failure,,,failed,failed,,,,0,0,17,0.793,38369.13,reliable,False,False,True,usually_recovers_via_retry,True,recovered,516.64,True,retry_succeeded,train
CASE00049,TXN000049,CUST00055,payment_success,successful,1671.5,0.0,2026-07-09 05:00:00,Card,success,,True,True,,,,,,0,0,20,0.86,40281.85,reliable,False,False,True,usually_recovers_via_retry,False,not_applicable,0.0,False,not_applicable,validation
CASE00050,TXN000050,CUST00185,payment_success,successful,756.96,0.0,2026-06-02 21:00:00,Card,success,,True,True,,,,,,0,0,15,0.805,58856.57,reliable,False,False,True,usually_recovers_via_retry,False,not_applicable,0.0,False,not_applicable,train
CASE00051,TXN000051,CUST00299,payment_success,successful,1244.12,0.0,2026-08-06 20:00:00,UPI,success,,True,True,,,,,,0,0,20,0.827,53733.0,reliable,False,False,True,usually_recovers_via_retry,False,not_applicable,0.0,False,not_applicable,train
CASE00052,TXN000052,CUST00336,checkout_abandoned,checkout_abandonment,893.0,893.0,2026-07-09 09:00:00,Wallet,abandoned,,True,False,,,,,,0,0,12,0.967,47171.26,reliable,False,False,True,usually_recovers_via_retry,True,recovered,893.0,True,paid_after_reminder_or_link,train
CASE00053,TXN000053,CUST00162,payment_success,successful,2260.56,0.0,2026-07-07 02:00:00,Netbanking,success,,True,True,,,,,,0,0,6,0.434,8914.71,frequent_failure,False,False,True,rarely_recovers,False,not_applicable,0.0,False,not_applicable,train
CASE00054,TXN000054,CUST00342,checkout_abandoned,checkout_abandonment,2726.46,2726.46,2026-07-22 20:00:00,UPI,abandoned,,True,False,,,,,,0,2,5,0.456,5934.37,frequent_failure,False,False,True,rarely_recovers,True,recovered,2726.46,True,paid_after_reminder_or_link,train
CASE00055,TXN000055,CUST00055,payment_success,successful,1440.21,0.0,2026-07-27 23:00:00,Card,success,,True,True,,,,,,0,0,20,0.86,40281.85,reliable,False,False,True,usually_recovers_via_retry,False,not_applicable,0.0,False,not_applicable,validation
CASE00056,TXN000056,CUST00147,payment_success,successful,2177.48,0.0,2026-08-08 13:00:00,UPI,success,,True,True,,,,,,0,0,8,0.819,11250.41,occasional_failure,False,False,True,usually_needs_reminder,False,not_applicable,0.0,False,not_applicable,train
CASE00057,TXN000057,CUST00329,payment_success,successful,2693.13,0.0,2026-07-22 22:00:00,UPI,success,,True,True,,,,,,0,0,24,0.824,53222.62,reliable,False,False,True,usually_recovers_via_retry,False,not_applicable,0.0,False,not_applicable,test
CASE00058,TXN000058,CUST00288,subscription_renewal_failed,failed_subscription,379.43,379.43,2026-06-02 04:00:00,Card,failed_recurring,insufficient funds,,,failed,failed,,,,1,4,2,0.733,6937.21,occasional_failure,False,False,True,usually_needs_reminder,True,recovered,379.43,True,retry_succeeded,train
CASE00059,TXN000059,CUST00380,payment_success,successful,5836.51,0.0,2026-08-19 08:00:00,Card,success,,True,True,,,,,,0,0,16,0.846,39062.25,reliable,False,True,False,usually_recovers_via_retry,False,not_applicable,0.0,False,not_applicable,train
CASE00060,TXN000060,CUST00020,checkout_abandoned,checkout_abandonment,1176.81,1176.81,2026-05-28 13:00:00,UPI,abandoned,,True,False,,,,,,0,0,20,0.551,41564.41,reliable,False,False,True,usually_recovers_via_retry,True,recovered,1176.81,True,paid_after_reminder_or_link,test
CASE00061,TXN000061,CUST00076,checkout_abandoned,checkout_abandonment,274.64,274.64,2026-08-11 07:00:00,Netbanking,abandoned,,True,False,,,,,,0,0,4,0.575,13323.38,occasional_failure,False,False,True,usually_needs_reminder,True,recovered,274.64,True,paid_after_reminder_or_link,train
CASE00062,TXN000062,CUST00020,checkout_abandoned,checkout_abandonment,7909.77,7909.77,2026-07-21 07:00:00,UPI,abandoned,,True,False,,,,,,0,0,20,0.551,41564.41,reliable,False,False,True,usually_recovers_via_retry,False,not_recovered,0.0,True,no_recovery_within_window,test
CASE00063,TXN000063,CUST00082,payment_failed,failed_payment,9776.72,9776.72,2026-06-09 15:00:00,Netbanking,failed,insufficient funds,True,True,,,,,,2,2,6,0.833,7669.16,occasional_failure,False,False,True,usually_needs_reminder,True,recovered,9776.72,True,retry_succeeded,train
CASE00064,TXN000064,CUST00002,payment_success,successful,2429.0,0.0,2026-07-07 19:00:00,Netbanking,success,,True,True,,,,,,0,0,5,0.69,7848.41,occasional_failure,False,False,True,usually_needs_reminder,False,not_applicable,0.0,False,not_applicable,train
CASE00065,TXN000065,CUST00226,payment_failed,failed_payment,733.42,733.42,2026-06-09 07:00:00,Netbanking,failed,insufficient funds,True,True,,,,,,2,3,9,0.39,3208.21,frequent_failure,False,False,True,rarely_recovers,True,recovered,733.42,True,retry_succeeded,train
CASE00066,TXN000066,CUST00237,invoice_overdue,overdue_receivable,5719.72,5719.72,2026-08-20 00:00:00,UPI,overdue,,,,,,overdue,2026-07-24,27.0,0,0,3,0.887,6085.81,occasional_failure,False,False,True,usually_needs_reminder,True,recovered,4360.56,True,paid_after_reminder_or_link,train
CASE00067,TXN000067,CUST00301,subscription_renewal_failed,failed_subscription,463.2,463.2,2026-07-29 10:00:00,UPI,failed_recurring,insufficient funds,,,failed,failed,,,,1,2,21,0.924,56181.23,reliable,False,False,True,usually_recovers_via_retry,True,recovered,463.2,True,retry_succeeded,validation
CASE00068,TXN000068,CUST00170,invoice_overdue,overdue_receivable,10664.37,10664.37,2026-08-20 00:00:00,UPI,overdue,,,,,,overdue,2026-08-18,2.0,0,1,8,0.23,2772.64,frequent_failure,False,False,True,rarely_recovers,True,recovered,9243.98,True,paid_after_reminder_or_link,train
CASE00069,TXN000069,CUST00001,subscription_renewal_failed,failed_subscription,722.76,722.76,2026-08-18 13:00:00,UPI,failed_recurring,bank decline,,,failed,failed,,,,1,1,20,0.96,50283.64,reliable,False,False,True,usually_recovers_via_retry,True,recovered,722.76,True,retry_succeeded,validation
CASE00070,TXN000070,CUST00309,payment_success,successful,2866.37,0.0,2026-07-18 23:00:00,Wallet,success,,True,True,,,,,,0,0,6,0.736,10329.89,occasional_failure,False,False,True,usually_needs_reminder,False,not_applicable,0.0,False,not_applicable,train
CASE00071,TXN000071,CUST00022,payment_success,successful,7799.35,0.0,2026-07-27 00:00:00,UPI,success,,True,True,,,,,,0,0,6,0.767,3806.0,occasional_failure,False,True,False,usually_needs_reminder,False,not_applicable,0.0,False,not_applicable,train
CASE00072,TXN000072,CUST00390,payment_failed,failed_payment,3251.33,3251.33,2026-07-23 08:00:00,UPI,failed,network failure,True,True,,,,,,0,0,31,0.836,243164.9,reliable,False,False,True,usually_recovers_via_retry,True,recovered,3251.33,True,retry_succeeded,train
CASE00073,TXN000073,CUST00009,payment_success,successful,888.24,0.0,2026-08-16 12:00:00,UPI,success,,True,True,,,,,,0,0,0,0.162,2597.67,new,False,False,True,new_customer,False,not_applicable,0.0,False,not_applicable,train
CASE00074,TXN000074,CUST00238,checkout_abandoned,checkout_abandonment,389.82,389.82,2026-08-06 02:00:00,Wallet,abandoned,,True,False,,,,,,0,0,15,0.949,56876.74,reliable,False,False,True,usually_recovers_via_retry,True,recovered,389.82,True,paid_after_reminder_or_link,train
CASE00075,TXN000075,CUST00403,payment_success,successful,860.13,0.0,2026-08-15 11:00:00,Netbanking,success,,True,True,,,,,,0,0,18,0.916,40843.38,reliable,False,False,True,usually_recovers_via_retry,False,not_applicable,0.0,False,not_applicable,train
CASE00076,TXN000076,CUST00256,checkout_abandoned,checkout_abandonment,12448.69,12448.69,2026-07-18 19:00:00,UPI,abandoned,,True,False,,,,,,0,1,14,0.769,29928.72,reliable,False,False,True,usually_recovers_via_retry,False,not_recovered,0.0,True,no_recovery_within_window,test
CASE00077,TXN000077,CUST00277,payment_success,successful,420.12,0.0,2026-06-18 21:00:00,UPI,success,,True,True,,,,,,0,0,4,0.872,12286.2,occasional_failure,False,False,True,usually_needs_reminder,False,not_applicable,0.0,False,not_applicable,test
CASE00078,TXN000078,CUST00314,subscription_renewal_failed,failed_subscription,355.45,355.45,2026-07-03 02:00:00,UPI,failed_recurring,UPI timeout,,,failed,failed,,,,0,1,11,0.953,11515.43,occasional_failure,False,False,True,usually_needs_reminder,True,recovered,355.45,True,retry_succeeded,train
CASE00079,TXN000079,CUST00054,payment_success,successful,1634.78,0.0,2026-07-24 08:00:00,Card,success,,True,True,,,,,,0,0,17,0.841,22975.6,reliable,False,False,True,usually_recovers_via_retry,False,not_applicable,0.0,False,not_applicable,train
CASE00080,TXN000080,CUST00309,payment_failed,failed_payment,535.49,535.49,2026-07-30 10:00:00,Card,failed,insufficient funds,True,True,,,,,,0,4,6,0.736,10329.89,occasional_failure,False,False,True,usually_needs_reminder,True,recovered,535.49,True,retry_succeeded,train
CASE00081,TXN000081,CUST00396,checkout_abandoned,checkout_abandonment,8116.52,8116.52,2026-06-14 18:00:00,UPI,abandoned,,True,False,,,,,,0,0,3,0.835,7370.34,occasional_failure,False,False,True,usually_needs_reminder,True,recovered,8116.52,True,paid_after_reminder_or_link,train
CASE00082,TXN000082,CUST00440,invoice_overdue,overdue_receivable,12410.72,12410.72,2026-08-20 00:00:00,Netbanking,overdue,,,,,,overdue,2026-08-09,11.0,0,1,20,0.872,47680.29,reliable,False,False,True,usually_recovers_via_retry,True,recovered,10752.01,True,paid_after_reminder_or_link,train
CASE00083,TXN000083,CUST00198,subscription_renewal_failed,failed_subscription,532.09,532.09,2026-07-14 22:00:00,EMI,failed_recurring,bank decline,,,failed,failed,,,,0,0,26,0.854,164877.43,reliable,False,False,True,usually_recovers_via_retry,True,recovered,532.09,True,retry_succeeded,train
CASE00084,TXN000084,CUST00154,payment_success,successful,2315.68,0.0,2026-06-06 07:00:00,UPI,success,,True,True,,,,,,0,0,31,0.919,45601.57,reliable,False,False,True,usually_recovers_via_retry,False,not_applicable,0.0,False,not_applicable,train
CASE00085,TXN000085,CUST00345,payment_success,successful,6904.17,0.0,2026-07-01 22:00:00,Netbanking,success,,True,True,,,,,,0,0,16,0.989,21087.69,reliable,False,False,True,usually_recovers_via_retry,False,not_applicable,0.0,False,not_applicable,train
CASE00086,TXN000086,CUST00244,payment_success,successful,1364.02,0.0,2026-07-12 12:00:00,Card,success,,True,True,,,,,,0,0,5,0.924,12478.87,occasional_failure,False,False,True,usually_needs_reminder,False,not_applicable,0.0,False,not_applicable,test
CASE00087,TXN000087,CUST00114,payment_success,successful,1910.28,0.0,2026-07-23 15:00:00,EMI,success,,True,True,,,,,,0,0,15,0.89,26462.78,reliable,False,False,True,usually_recovers_via_retry,False,not_applicable,0.0,False,not_applicable,train
CASE00088,TXN000088,CUST00074,checkout_abandoned,checkout_abandonment,1769.87,1769.87,2026-06-28 05:00:00,UPI,abandoned,,True,False,,,,,,0,0,0,0.364,502.67,new,False,False,True,new_customer,True,recovered,1769.87,True,paid_after_reminder_or_link,train
CASE00089,TXN000089,CUST00073,payment_success,successful,4987.8,0.0,2026-08-01 03:00:00,Card,success,,True,True,,,,,,0,0,26,0.849,194693.54,reliable,False,False,True,usually_recovers_via_retry,False,not_applicable,0.0,False,not_applicable,train
CASE00090,TXN000090,CUST00207,checkout_abandoned,checkout_abandonment,4249.64,4249.64,2026-07-17 08:00:00,Card,abandoned,,True,False,,,,,,0,1,0,0.736,1571.48,new,False,False,True,new_customer,True,recovered,4249.64,True,paid_after_reminder_or_link,validation
CASE00091,TXN000091,CUST00073,invoice_overdue,overdue_receivable,41639.14,41639.14,2026-08-20 00:00:00,Card,overdue,,,,,,overdue,2026-08-06,14.0,0,0,26,0.849,194693.54,reliable,False,False,True,usually_recovers_via_retry,True,recovered,37609.88,True,paid_after_reminder_or_link,train
CASE00092,TXN000092,CUST00008,checkout_abandoned,checkout_abandonment,2408.16,2408.16,2026-06-23 00:00:00,Netbanking,abandoned,,True,False,,,,,,0,1,21,0.938,15482.74,reliable,False,False,True,usually_recovers_via_retry,True,recovered,2408.16,True,paid_after_reminder_or_link,train
CASE00093,TXN000093,CUST00021,payment_success,successful,289.28,0.0,2026-08-18 23:00:00,Card,success,,True,True,,,,,,0,0,23,0.981,59943.45,reliable,False,False,True,usually_recovers_via_retry,False,not_applicable,0.0,False,not_applicable,validation
CASE00094,TXN000094,CUST00420,payment_success,successful,652.82,0.0,2026-06-14 09:00:00,Wallet,success,,True,True,,,,,,0,0,9,0.216,6342.52,frequent_failure,False,False,True,rarely_recovers,False,not_applicable,0.0,False,not_applicable,train
CASE00095,TXN000095,CUST00031,invoice_overdue,overdue_receivable,6728.61,6728.61,2026-08-20 00:00:00,Card,overdue,,,,,,overdue,2026-08-11,9.0,0,0,25,0.985,25873.75,reliable,False,False,True,usually_recovers_via_retry,True,recovered,5638.17,True,paid_after_reminder_or_link,train
CASE00096,TXN000096,CUST00031,payment_failed,failed_payment,4778.28,4778.28,2026-07-13 17:00:00,Wallet,failed,insufficient funds,True,True,,,,,,1,2,25,0.985,25873.75,reliable,False,False,True,usually_recovers_via_retry,True,recovered,4778.28,True,retry_succeeded,train
CASE00097,TXN000097,CUST00201,checkout_abandoned,checkout_abandonment,14316.67,14316.67,2026-08-13 20:00:00,Netbanking,abandoned,,True,False,,,,,,0,1,19,0.886,15711.15,reliable,False,False,True,usually_recovers_via_retry,True,recovered,14316.67,True,paid_after_reminder_or_link,train
CASE00098,TXN000098,CUST00107,payment_success,successful,3555.91,0.0,2026-06-23 08:00:00,Card,success,,True,True,,,,,,0,0,11,0.67,9818.01,occasional_failure,False,False,True,usually_needs_reminder,False,not_applicable,0.0,False,not_applicable,train
CASE00099,TXN000099,CUST00434,payment_success,successful,6353.74,0.0,2026-06-23 00:00:00,Card,success,,True,True,,,,,,0,0,21,0.869,118487.22,reliable,False,True,False,usually_recovers_via_retry,False,not_applicable,0.0,False,not_applicable,train
CASE00100,TXN000100,CUST00410,checkout_abandoned,checkout_abandonment,1046.2,1046.2,2026-07-06 10:00:00,Card,abandoned,,True,False,,,,,,0,1,6,0.688,4089.36,frequent_failure,False,False,True,rarely_recovers,True,recovered,1046.2,True,paid_after_reminder_or_link,train
CASE00101,TXN000101,CUST00180,payment_success,successful,2343.52,0.0,2026-07-19 11:00:00,Wallet,success,,True,True,,,,,,0,0,23,0.935,37529.74,reliable,False,False,True,usually_recovers_via_retry,False,not_applicable,0.0,False,not_applicable,validation
CASE00102,TXN000102,CUST00201,payment_success,successful,3327.31,0.0,2026-08-02 03:00:00,Card,success,,True,True,,,,,,0,0,19,0.886,15711.15,reliable,False,False,True,usually_recovers_via_retry,False,not_applicable,0.0,False,not_applicable,train
CASE00103,TXN000103,CUST00166,subscription_renewal_failed,failed_subscription,486.89,486.89,2026-07-06 07:00:00,Card,failed_recurring,bank decline,,,failed,failed,,,,1,3,5,0.681,14244.62,occasional_failure,False,False,True,usually_needs_reminder,False,not_recovered,0.0,True,no_recovery_within_window,test
CASE00104,TXN000104,CUST00016,payment_failed,failed_payment,1078.99,1078.99,2026-06-28 10:00:00,Card,failed,insufficient funds,True,True,,,,,,0,0,1,0.702,1724.25,new,False,False,True,new_customer,True,recovered,1078.99,True,retry_succeeded,validation
CASE00105,TXN000105,CUST00130,subscription_renewal_failed,failed_subscription,514.18,514.18,2026-06-24 07:00:00,UPI,failed_recurring,insufficient funds,,,failed,active_pending_retry,,,,1,1,22,0.783,56758.68,reliable,False,False,True,usually_recovers_via_retry,True,recovered,514.18,True,retry_succeeded,train
CASE00106,TXN000106,CUST00054,payment_success,successful,1064.7,0.0,2026-08-13 21:00:00,UPI,success,,True,True,,,,,,0,0,17,0.841,22975.6,reliable,False,False,True,usually_recovers_via_retry,False,not_applicable,0.0,False,not_applicable,train
CASE00107,TXN000107,CUST00045,payment_success,successful,2953.47,0.0,2026-07-28 18:00:00,UPI,success,,True,True,,,,,,0,0,17,0.929,99674.72,reliable,False,False,True,usually_recovers_via_retry,False,not_applicable,0.0,False,not_applicable,train
CASE00108,TXN000108,CUST00251,checkout_abandoned,checkout_abandonment,2915.4,2915.4,2026-07-01 11:00:00,Card,abandoned,,True,False,,,,,,0,2,20,0.787,28580.7,reliable,False,False,True,usually_recovers_via_retry,True,recovered,2915.4,True,paid_after_reminder_or_link,validation
CASE00109,TXN000109,CUST00043,invoice_overdue,overdue_receivable,3898.7,3898.7,2026-08-20 00:00:00,UPI,overdue,,,,,,overdue,2026-04-16,126.0,0,0,15,0.95,23359.48,reliable,False,False,True,usually_recovers_via_retry,True,recovered,2369.53,True,paid_after_reminder_or_link,test
CASE00110,TXN000110,CUST00045,checkout_abandoned,checkout_abandonment,2939.99,2939.99,2026-06-13 00:00:00,UPI,abandoned,,True,False,,,,,,0,0,17,0.929,99674.72,reliable,False,False,True,usually_recovers_via_retry,True,recovered,2939.99,True,paid_after_reminder_or_link,train
CASE00111,TXN000111,CUST00216,payment_success,successful,2990.0,0.0,2026-06-11 14:00:00,Card,success,,True,True,,,,,,0,0,15,0.935,15546.34,reliable,False,False,True,usually_recovers_via_retry,False,not_applicable,0.0,False,not_applicable,train
CASE00112,TXN000112,CUST00197,checkout_abandoned,checkout_abandonment,2797.45,2797.45,2026-08-17 06:00:00,UPI,abandoned,,True,False,,,,,,0,1,24,0.962,42906.6,reliable,False,False,True,usually_recovers_via_retry,False,not_recovered,0.0,True,no_recovery_within_window,train
CASE00113,TXN000113,CUST00060,payment_success,successful,1378.28,0.0,2026-07-25 15:00:00,Netbanking,success,,True,True,,,,,,0,0,1,0.279,1861.37,new,False,False,True,new_customer,False,not_applicable,0.0,False,not_applicable,train
CASE00114,TXN000114,CUST00002,payment_success,successful,4416.49,0.0,2026-06-27 03:00:00,UPI,success,,True,True,,,,,,0,0,5,0.69,7848.41,occasional_failure,False,False,True,usually_needs_reminder,False,not_applicable,0.0,False,not_applicable,train
CASE00115,TXN000115,CUST00082,checkout_abandoned,checkout_abandonment,1300.86,1300.86,2026-08-17 05:00:00,UPI,abandoned,,True,False,,,,,,0,0,6,0.833,7669.16,occasional_failure,False,False,True,usually_needs_reminder,True,recovered,1300.86,True,paid_after_reminder_or_link,train
CASE00116,TXN000116,CUST00104,invoice_overdue,overdue_receivable,10831.62,10831.62,2026-08-20 00:00:00,UPI,overdue,,,,,,overdue,2026-07-04,47.0,0,0,5,0.492,5330.11,frequent_failure,False,False,True,rarely_recovers,False,not_recovered,0.0,True,no_recovery_within_window,test
CASE00117,TXN000117,CUST00362,invoice_overdue,overdue_receivable,6961.91,6961.91,2026-08-20 00:00:00,Card,overdue,,,,,,overdue,2026-08-01,19.0,0,0,0,0.194,1336.16,new,False,False,True,new_customer,False,not_recovered,0.0,True,no_recovery_within_window,train
CASE00118,TXN000118,CUST00412,payment_success,successful,1821.51,0.0,2026-08-13 15:00:00,Netbanking,success,,True,True,,,,,,0,0,11,0.975,23850.28,reliable,False,False,True,usually_recovers_via_retry,False,not_applicable,0.0,False,not_applicable,train
CASE00119,TXN000119,CUST00181,checkout_abandoned,checkout_abandonment,4779.01,4779.01,2026-08-12 12:00:00,UPI,abandoned,,True,False,,,,,,0,0,30,0.852,123196.15,reliable,False,False,True,usually_recovers_via_retry,True,recovered,4779.01,True,paid_after_reminder_or_link,train
CASE00120,TXN000120,CUST00180,checkout_abandoned,checkout_abandonment,722.0,722.0,2026-07-19 16:00:00,Netbanking,abandoned,,True,False,,,,,,0,0,23,0.935,37529.74,reliable,False,False,True,usually_recovers_via_retry,True,recovered,722.0,True,paid_after_reminder_or_link,validation
CASE00121,TXN000121,CUST00327,subscription_renewal_failed,failed_subscription,1142.97,1142.97,2026-05-24 20:00:00,Card,failed_recurring,insufficient funds,,,failed,active_pending_retry,,,,0,0,23,0.818,172090.16,reliable,False,False,True,usually_recovers_via_retry,True,recovered,1142.97,True,retry_succeeded,train
CASE00122,TXN000122,CUST00288,payment_failed,failed_payment,444.76,444.76,2026-08-18 03:00:00,Card,failed,insufficient funds,True,True,,,,,,1,2,2,0.733,6937.21,occasional_failure,False,False,True,usually_needs_reminder,True,recovered,444.76,True,retry_succeeded,train
CASE00123,TXN000123,CUST00080,subscription_renewal_failed,failed_subscription,394.99,394.99,2026-06-15 12:00:00,UPI,failed_recurring,UPI timeout,,,failed,failed,,,,0,1,17,0.852,19647.76,reliable,False,False,True,usually_recovers_via_retry,True,recovered,394.99,True,retry_succeeded,train
CASE00124,TXN000124,CUST00047,payment_success,successful,965.87,0.0,2026-05-23 02:00:00,Wallet,success,,True,True,,,,,,0,0,4,0.87,8398.31,occasional_failure,False,False,True,usually_needs_reminder,False,not_applicable,0.0,False,not_applicable,train
CASE00125,TXN000125,CUST00195,payment_failed,failed_payment,4591.93,4591.93,2026-06-15 00:00:00,UPI,failed,insufficient funds,True,True,,,,,,1,2,0,0.641,741.88,new,False,False,True,new_customer,False,not_recovered,0.0,True,no_recovery_within_window,validation
CASE00126,TXN000126,CUST00252,checkout_abandoned,checkout_abandonment,2325.2,2325.2,2026-07-26 15:00:00,UPI,abandoned,,True,False,,,,,,0,0,27,0.88,125480.63,reliable,False,False,True,usually_recovers_via_retry,True,recovered,2325.2,True,paid_after_reminder_or_link,validation
CASE00127,TXN000127,CUST00061,payment_success,successful,847.72,0.0,2026-05-31 03:00:00,Card,success,,True,True,,,,,,0,0,16,0.956,48524.62,reliable,False,False,True,usually_recovers_via_retry,False,not_applicable,0.0,False,not_applicable,test
CASE00128,TXN000128,CUST00130,checkout_abandoned,checkout_abandonment,437.36,437.36,2026-08-07 16:00:00,EMI,abandoned,,True,False,,,,,,0,1,22,0.783,56758.68,reliable,False,False,True,usually_recovers_via_retry,True,recovered,437.36,True,paid_after_reminder_or_link,train
CASE00129,TXN000129,CUST00135,payment_success,successful,3151.53,0.0,2026-07-15 02:00:00,UPI,success,,True,True,,,,,,0,0,25,0.884,59352.95,reliable,False,False,True,usually_recovers_via_retry,False,not_applicable,0.0,False,not_applicable,train
CASE00130,TXN000130,CUST00116,invoice_overdue,overdue_receivable,8033.0,8033.0,2026-08-20 00:00:00,UPI,overdue,,,,,,overdue,2026-08-03,17.0,0,0,21,0.926,90790.38,reliable,False,False,True,usually_recovers_via_retry,True,recovered,7877.28,True,paid_after_reminder_or_link,validation
CASE00131,TXN000131,CUST00208,payment_success,successful,723.92,0.0,2026-06-27 19:00:00,UPI,success,,True,True,,,,,,0,0,22,0.911,28097.27,reliable,False,False,True,usually_recovers_via_retry,False,not_applicable,0.0,False,not_applicable,train
CASE00132,TXN000132,CUST00300,payment_success,successful,2856.75,0.0,2026-07-17 22:00:00,UPI,success,,True,True,,,,,,0,0,16,0.959,32415.77,reliable,False,False,True,usually_recovers_via_retry,False,not_applicable,0.0,False,not_applicable,test
CASE00133,TXN000133,CUST00229,payment_success,successful,723.32,0.0,2026-07-25 12:00:00,Card,success,,True,True,,,,,,0,0,17,0.74,15911.75,reliable,False,False,True,usually_recovers_via_retry,False,not_applicable,0.0,False,not_applicable,test
CASE00134,TXN000134,CUST00087,payment_success,successful,4523.66,0.0,2026-07-03 08:00:00,Card,success,,True,True,,,,,,0,0,14,0.863,59196.49,reliable,False,False,True,usually_recovers_via_retry,False,not_applicable,0.0,False,not_applicable,train
CASE00135,TXN000135,CUST00045,checkout_abandoned,checkout_abandonment,19005.8,19005.8,2026-08-07 19:00:00,Card,abandoned,,True,False,,,,,,0,0,17,0.929,99674.72,reliable,False,False,True,usually_recovers_via_retry,True,recovered,19005.8,True,paid_after_reminder_or_link,train
CASE00136,TXN000136,CUST00371,payment_success,successful,3958.36,0.0,2026-05-24 22:00:00,UPI,success,,True,True,,,,,,0,0,19,0.886,26636.54,reliable,False,True,False,usually_recovers_via_retry,False,not_applicable,0.0,False,not_applicable,train
CASE00137,TXN000137,CUST00215,payment_success,successful,2271.5,0.0,2026-08-11 05:00:00,Card,success,,True,True,,,,,,0,0,22,0.836,43926.17,reliable,False,False,True,usually_recovers_via_retry,False,not_applicable,0.0,False,not_applicable,train
CASE00138,TXN000138,CUST00025,invoice_overdue,overdue_receivable,7422.76,7422.76,2026-08-20 00:00:00,Wallet,overdue,,,,,,overdue,2026-08-11,9.0,0,1,20,0.933,19585.24,reliable,False,False,True,usually_recovers_via_retry,True,recovered,5620.55,True,paid_after_reminder_or_link,train
CASE00139,TXN000139,CUST00114,payment_failed,failed_payment,1136.49,1136.49,2026-07-30 21:00:00,UPI,failed,UPI timeout,True,True,,,,,,0,1,15,0.89,26462.78,reliable,False,False,True,usually_recovers_via_retry,True,recovered,1136.49,True,retry_succeeded,train
CASE00140,TXN000140,CUST00365,payment_failed,failed_payment,4397.08,4397.08,2026-06-16 08:00:00,Wallet,failed,network failure,True,True,,,,,,0,0,15,0.879,21742.48,reliable,False,False,True,usually_recovers_via_retry,True,recovered,4397.08,True,retry_succeeded,train
CASE00141,TXN000141,CUST00344,subscription_renewal_failed,failed_subscription,868.17,868.17,2026-07-11 07:00:00,Netbanking,failed_recurring,insufficient funds,,,failed,failed,,,,0,1,20,0.817,39576.28,reliable,False,False,True,usually_recovers_via_retry,False,not_recovered,0.0,True,no_recovery_within_window,test
CASE00142,TXN000142,CUST00394,checkout_abandoned,checkout_abandonment,3086.92,3086.92,2026-08-15 09:00:00,Wallet,abandoned,,True,False,,,,,,0,0,21,0.889,26266.95,reliable,False,False,True,usually_recovers_via_retry,True,recovered,3086.92,True,paid_after_reminder_or_link,train
CASE00143,TXN000143,CUST00275,payment_failed,failed_payment,1380.32,1380.32,2026-07-09 12:00:00,Netbanking,failed,network failure,True,True,,,,,,0,0,20,0.868,37791.3,reliable,False,False,True,usually_recovers_via_retry,True,recovered,1380.32,True,retry_succeeded,train
CASE00144,TXN000144,CUST00187,payment_success,successful,983.9,0.0,2026-08-15 01:00:00,Wallet,success,,True,True,,,,,,0,0,4,0.728,11620.21,occasional_failure,False,False,True,usually_needs_reminder,False,not_applicable,0.0,False,not_applicable,validation
CASE00145,TXN000145,CUST00189,payment_success,successful,4263.18,0.0,2026-07-26 08:00:00,Netbanking,success,,True,True,,,,,,0,0,18,0.943,44580.03,reliable,False,False,True,usually_recovers_via_retry,False,not_applicable,0.0,False,not_applicable,train
CASE00146,TXN000146,CUST00083,subscription_renewal_failed,failed_subscription,1014.04,1014.04,2026-06-02 18:00:00,Card,failed_recurring,insufficient funds,,,failed,failed,,,,1,1,29,0.751,72618.24,reliable,False,False,True,usually_recovers_via_retry,False,not_recovered,0.0,True,no_recovery_within_window,train
CASE00147,TXN000147,CUST00299,payment_failed,failed_payment,1517.41,1517.41,2026-05-29 07:00:00,UPI,failed,bank decline,True,True,,,,,,1,3,20,0.827,53733.0,reliable,False,False,True,usually_recovers_via_retry,True,recovered,1517.41,True,retry_succeeded,train
CASE00148,TXN000148,CUST00263,checkout_abandoned,checkout_abandonment,5897.69,5897.69,2026-07-27 18:00:00,Card,abandoned,,True,False,,,,,,0,1,6,0.81,12742.44,occasional_failure,False,False,True,usually_needs_reminder,True,recovered,5897.69,True,paid_after_reminder_or_link,test
CASE00149,TXN000149,CUST00066,invoice_overdue,overdue_receivable,6400.35,6400.35,2026-08-20 00:00:00,UPI,overdue,,,,,,overdue,2026-07-01,50.0,0,0,16,0.893,50435.87,reliable,False,False,True,usually_recovers_via_retry,False,not_recovered,0.0,True,no_recovery_within_window,train
CASE00150,TXN000150,CUST00399,payment_success,successful,1569.72,0.0,2026-07-03 10:00:00,Card,success,,True,True,,,,,,0,0,8,0.623,11102.05,occasional_failure,False,False,True,usually_needs_reminder,False,not_applicable,0.0,False,not_applicable,train
CASE00151,TXN000151,CUST00163,payment_failed,failed_payment,325.6,325.6,2026-06-05 02:00:00,Netbanking,failed,network failure,True,True,,,,,,0,0,0,0.751,1756.7,new,False,False,True,new_customer,False,not_recovered,0.0,True,no_recovery_within_window,train
CASE00152,TXN000152,CUST00021,subscription_renewal_failed,failed_subscription,418.28,418.28,2026-08-16 01:00:00,UPI,failed_recurring,bank decline,,,failed,active_pending_retry,,,,0,1,23,0.981,59943.45,reliable,False,False,True,usually_recovers_via_retry,True,recovered,418.28,True,retry_succeeded,validation
CASE00153,TXN000153,CUST00145,checkout_abandoned,checkout_abandonment,1849.74,1849.74,2026-08-13 00:00:00,Card,abandoned,,True,False,,,,,,0,0,7,0.76,5582.92,occasional_failure,False,False,True,usually_needs_reminder,True,recovered,1849.74,True,paid_after_reminder_or_link,test
CASE00154,TXN000154,CUST00392,payment_success,successful,765.03,0.0,2026-07-28 12:00:00,UPI,success,,True,True,,,,,,0,0,1,0.473,2165.54,new,False,False,True,new_customer,False,not_applicable,0.0,False,not_applicable,validation
CASE00155,TXN000155,CUST00412,subscription_renewal_failed,failed_subscription,890.63,890.63,2026-07-04 07:00:00,Netbanking,failed_recurring,network failure,,,failed,active_pending_retry,,,,1,2,11,0.975,23850.28,reliable,False,False,True,usually_recovers_via_retry,False,not_recovered,0.0,True,no_recovery_within_window,train
CASE00156,TXN000156,CUST00221,subscription_renewal_failed,failed_subscription,228.35,228.35,2026-06-29 12:00:00,Card,failed_recurring,bank decline,,,failed,failed,,,,0,1,7,0.786,6116.91,occasional_failure,False,False,True,usually_needs_reminder,True,recovered,228.35,True,retry_succeeded,test
CASE00157,TXN000157,CUST00432,checkout_abandoned,checkout_abandonment,3755.25,3755.25,2026-07-05 15:00:00,UPI,abandoned,,True,False,,,,,,0,0,21,0.947,59271.92,reliable,False,False,True,usually_recovers_via_retry,True,recovered,3755.25,True,paid_after_reminder_or_link,train
CASE00158,TXN000158,CUST00394,payment_success,successful,175.32,0.0,2026-07-05 01:00:00,Card,success,,True,True,,,,,,0,0,21,0.889,26266.95,reliable,False,False,True,usually_recovers_via_retry,False,not_applicable,0.0,False,not_applicable,train
CASE00159,TXN000159,CUST00373,payment_success,successful,8091.8,0.0,2026-08-12 18:00:00,Card,success,,True,True,,,,,,0,0,5,0.797,4529.12,occasional_failure,False,False,True,usually_needs_reminder,False,not_applicable,0.0,False,not_applicable,test
CASE00160,TXN000160,CUST00387,payment_failed,failed_payment,1944.28,1944.28,2026-07-26 19:00:00,Wallet,failed,insufficient funds,True,True,,,,,,0,0,20,0.858,20044.47,reliable,False,False,True,usually_recovers_via_retry,False,not_recovered,0.0,True,no_recovery_within_window,train
CASE00161,TXN000161,CUST00169,checkout_abandoned,checkout_abandonment,5953.83,5953.83,2026-07-27 03:00:00,UPI,abandoned,,True,False,,,,,,0,2,4,0.728,7068.19,occasional_failure,False,False,True,usually_needs_reminder,True,recovered,5953.83,True,paid_after_reminder_or_link,train
CASE00162,TXN000162,CUST00345,payment_success,successful,525.39,0.0,2026-05-23 01:00:00,UPI,success,,True,True,,,,,,0,0,16,0.989,21087.69,reliable,False,False,True,usually_recovers_via_retry,False,not_applicable,0.0,False,not_applicable,train
CASE00163,TXN000163,CUST00260,payment_success,successful,1605.74,0.0,2026-07-07 17:00:00,UPI,success,,True,True,,,,,,0,0,14,0.89,27974.34,reliable,False,False,True,usually_recovers_via_retry,False,not_applicable,0.0,False,not_applicable,train
CASE00164,TXN000164,CUST00330,invoice_overdue,overdue_receivable,4021.17,4021.17,2026-08-20 00:00:00,UPI,overdue,,,,,,overdue,2026-07-23,28.0,0,0,6,0.717,4720.2,occasional_failure,False,False,True,usually_needs_reminder,True,recovered,3154.33,True,paid_after_reminder_or_link,train
CASE00165,TXN000165,CUST00078,payment_success,successful,1563.43,0.0,2026-05-26 10:00:00,Netbanking,success,,True,True,,,,,,0,0,19,0.858,59850.47,reliable,False,False,True,usually_recovers_via_retry,False,not_applicable,0.0,False,not_applicable,validation
CASE00166,TXN000166,CUST00335,payment_failed,failed_payment,1541.95,1541.95,2026-08-07 23:00:00,UPI,failed,UPI timeout,True,True,,,,,,0,3,0,0.483,944.54,new,False,False,True,new_customer,True,recovered,1541.95,True,retry_succeeded,validation
CASE00167,TXN000167,CUST00432,checkout_abandoned,checkout_abandonment,895.32,895.32,2026-06-25 17:00:00,Card,abandoned,,True,False,,,,,,0,0,21,0.947,59271.92,reliable,False,False,True,usually_recovers_via_retry,True,recovered,895.32,True,paid_after_reminder_or_link,train
CASE00168,TXN000168,CUST00134,checkout_abandoned,checkout_abandonment,397.77,397.77,2026-07-10 01:00:00,Card,abandoned,,True,False,,,,,,0,0,7,0.694,9321.28,occasional_failure,False,False,True,usually_needs_reminder,True,recovered,397.77,True,paid_after_reminder_or_link,validation
CASE00169,TXN000169,CUST00446,invoice_overdue,overdue_receivable,5395.51,5395.51,2026-08-20 00:00:00,Netbanking,overdue,,,,,,overdue,2026-07-22,29.0,0,0,25,0.925,28244.53,reliable,False,False,True,usually_recovers_via_retry,True,recovered,4153.54,True,paid_after_reminder_or_link,train
CASE00170,TXN000170,CUST00168,subscription_renewal_failed,failed_subscription,3875.83,3875.83,2026-05-23 17:00:00,Netbanking,failed_recurring,network failure,,,failed,failed,,,,0,1,25,0.964,135532.19,reliable,False,False,True,usually_recovers_via_retry,True,recovered,3875.83,True,retry_succeeded,train
CASE00171,TXN000171,CUST00087,checkout_abandoned,checkout_abandonment,1426.36,1426.36,2026-06-25 13:00:00,Card,abandoned,,True,False,,,,,,0,0,14,0.863,59196.49,reliable,False,False,True,usually_recovers_via_retry,True,recovered,1426.36,True,paid_after_reminder_or_link,train
CASE00172,TXN000172,CUST00049,payment_success,successful,4932.55,0.0,2026-06-08 18:00:00,UPI,success,,True,True,,,,,,0,0,18,0.886,57894.25,reliable,False,False,True,usually_recovers_via_retry,False,not_applicable,0.0,False,not_applicable,train
CASE00173,TXN000173,CUST00357,payment_failed,failed_payment,1564.57,1564.57,2026-05-26 09:00:00,UPI,failed,UPI timeout,True,True,,,,,,0,0,23,0.925,39141.89,reliable,False,False,True,usually_recovers_via_retry,True,recovered,1564.57,True,retry_succeeded,train
CASE00174,TXN000174,CUST00248,payment_success,successful,5415.22,0.0,2026-06-17 08:00:00,Wallet,success,,True,True,,,,,,0,0,4,0.912,12789.16,occasional_failure,False,False,True,usually_needs_reminder,False,not_applicable,0.0,False,not_applicable,train
CASE00175,TXN000175,CUST00135,payment_success,successful,1618.23,0.0,2026-06-28 15:00:00,Netbanking,success,,True,True,,,,,,0,0,25,0.884,59352.95,reliable,False,False,True,usually_recovers_via_retry,False,not_applicable,0.0,False,not_applicable,train
CASE00176,TXN000176,CUST00277,checkout_abandoned,checkout_abandonment,893.52,893.52,2026-06-12 15:00:00,UPI,abandoned,,True,False,,,,,,0,0,4,0.872,12286.2,occasional_failure,False,False,True,usually_needs_reminder,True,recovered,893.52,True,paid_after_reminder_or_link,test
CASE00177,TXN000177,CUST00147,invoice_overdue,overdue_receivable,14875.44,14875.44,2026-08-20 00:00:00,Netbanking,overdue,,,,,,overdue,2026-07-03,48.0,0,1,8,0.819,11250.41,occasional_failure,False,False,True,usually_needs_reminder,True,recovered,12260.25,True,paid_after_reminder_or_link,train
CASE00178,TXN000178,CUST00201,payment_success,successful,1854.11,0.0,2026-05-23 14:00:00,Card,success,,True,True,,,,,,0,0,19,0.886,15711.15,reliable,False,False,True,usually_recovers_via_retry,False,not_applicable,0.0,False,not_applicable,train
CASE00179,TXN000179,CUST00389,payment_success,successful,1121.75,0.0,2026-07-07 19:00:00,Card,success,,True,True,,,,,,0,0,0,0.199,1303.5,new,False,False,True,new_customer,False,not_applicable,0.0,False,not_applicable,train
CASE00180,TXN000180,CUST00307,checkout_abandoned,checkout_abandonment,2230.59,2230.59,2026-07-20 07:00:00,UPI,abandoned,,True,False,,,,,,0,1,2,0.803,13310.14,occasional_failure,False,False,True,usually_needs_reminder,True,recovered,2230.59,True,paid_after_reminder_or_link,train
CASE00181,TXN000181,CUST00347,invoice_overdue,overdue_receivable,15468.25,15468.25,2026-08-20 00:00:00,Netbanking,overdue,,,,,,overdue,2026-07-07,44.0,0,1,10,0.245,2629.09,frequent_failure,False,False,True,rarely_recovers,True,recovered,13237.43,True,paid_after_reminder_or_link,train
CASE00182,TXN000182,CUST00262,checkout_abandoned,checkout_abandonment,827.38,827.38,2026-06-05 11:00:00,Netbanking,abandoned,,True,False,,,,,,0,2,32,0.863,86276.96,reliable,False,False,True,usually_recovers_via_retry,False,not_recovered,0.0,True,no_recovery_within_window,train
CASE00183,TXN000183,CUST00447,invoice_overdue,overdue_receivable,4533.5,4533.5,2026-08-20 00:00:00,UPI,overdue,,,,,,overdue,2026-07-08,43.0,0,0,7,0.19,9397.68,frequent_failure,False,False,True,rarely_recovers,False,not_recovered,0.0,True,no_recovery_within_window,train
CASE00184,TXN000184,CUST00106,payment_failed,failed_payment,3746.66,3746.66,2026-07-20 07:00:00,Netbanking,failed,network failure,True,True,,,,,,0,0,21,0.88,31617.28,reliable,False,False,True,usually_recovers_via_retry,True,recovered,3746.66,True,retry_succeeded,train
CASE00185,TXN000185,CUST00116,payment_success,successful,8309.87,0.0,2026-08-05 07:00:00,Card,success,,True,True,,,,,,0,0,21,0.926,90790.38,reliable,False,False,True,usually_recovers_via_retry,False,not_applicable,0.0,False,not_applicable,validation
CASE00186,TXN000186,CUST00041,checkout_abandoned,checkout_abandonment,1585.23,1585.23,2026-07-18 22:00:00,UPI,abandoned,,True,False,,,,,,0,2,3,0.856,10304.89,occasional_failure,False,False,True,usually_needs_reminder,True,recovered,1585.23,True,paid_after_reminder_or_link,validation
CASE00187,TXN000187,CUST00248,payment_success,successful,2797.09,0.0,2026-07-17 16:00:00,Card,success,,True,True,,,,,,0,0,4,0.912,12789.16,occasional_failure,False,False,True,usually_needs_reminder,False,not_applicable,0.0,False,not_applicable,train
CASE00188,TXN000188,CUST00280,payment_success,successful,3791.53,0.0,2026-06-23 17:00:00,UPI,success,,True,True,,,,,,0,0,24,0.784,161840.74,reliable,False,False,True,usually_recovers_via_retry,False,not_applicable,0.0,False,not_applicable,validation
CASE00189,TXN000189,CUST00333,payment_success,successful,1350.72,0.0,2026-07-08 18:00:00,Card,success,,True,True,,,,,,0,0,23,0.798,52289.15,reliable,False,False,True,usually_recovers_via_retry,False,not_applicable,0.0,False,not_applicable,test
CASE00190,TXN000190,CUST00149,payment_failed,failed_payment,2297.06,2297.06,2026-06-25 21:00:00,Card,failed,network failure,True,True,,,,,,2,2,5,0.794,7137.98,occasional_failure,False,False,True,usually_needs_reminder,False,not_recovered,0.0,True,no_recovery_within_window,train
CASE00191,TXN000191,CUST00005,payment_success,successful,5100.27,0.0,2026-06-02 10:00:00,UPI,success,,True,True,,,,,,0,0,1,0.43,2065.03,new,False,False,True,new_customer,False,not_applicable,0.0,False,not_applicable,train
CASE00192,TXN000192,CUST00291,payment_success,successful,7006.25,0.0,2026-05-31 20:00:00,Card,success,,True,True,,,,,,0,0,24,0.922,258411.58,reliable,False,False,True,usually_recovers_via_retry,False,not_applicable,0.0,False,not_applicable,train
CASE00193,TXN000193,CUST00450,payment_failed,failed_payment,1335.8,1335.8,2026-05-23 10:00:00,Card,failed,authentication failure,True,True,,,,,,1,2,17,0.946,42546.74,reliable,False,False,True,usually_recovers_via_retry,True,recovered,1335.8,True,retry_succeeded,train
CASE00194,TXN000194,CUST00130,payment_success,successful,277.37,0.0,2026-07-11 20:00:00,UPI,success,,True,True,,,,,,0,0,22,0.783,56758.68,reliable,False,False,True,usually_recovers_via_retry,False,not_applicable,0.0,False,not_applicable,train
CASE00195,TXN000195,CUST00079,payment_success,successful,3218.49,0.0,2026-06-17 22:00:00,UPI,success,,True,True,,,,,,0,0,16,0.95,37438.78,reliable,False,False,True,usually_recovers_via_retry,False,not_applicable,0.0,False,not_applicable,train
CASE00196,TXN000196,CUST00122,payment_success,successful,3070.29,0.0,2026-06-10 01:00:00,UPI,success,,True,True,,,,,,0,0,26,0.917,38908.17,reliable,False,False,True,usually_recovers_via_retry,False,not_applicable,0.0,False,not_applicable,train
CASE00197,TXN000197,CUST00189,payment_success,successful,4330.05,0.0,2026-06-22 16:00:00,UPI,success,,True,True,,,,,,0,0,18,0.943,44580.03,reliable,False,False,True,usually_recovers_via_retry,False,not_applicable,0.0,False,not_applicable,train
CASE00198,TXN000198,CUST00110,subscription_renewal_failed,failed_subscription,681.73,681.73,2026-07-17 04:00:00,Netbanking,failed_recurring,bank decline,,,failed,failed,,,,1,3,8,0.346,9680.67,frequent_failure,False,False,True,rarely_recovers,True,recovered,681.73,True,retry_succeeded,train
CASE00199,TXN000199,CUST00154,invoice_overdue,overdue_receivable,14629.65,14629.65,2026-08-20 00:00:00,Wallet,overdue,,,,,,overdue,2026-06-16,65.0,0,1,31,0.919,45601.57,reliable,False,False,True,usually_recovers_via_retry,True,recovered,8897.25,True,paid_after_reminder_or_link,train
CASE00200,TXN000200,CUST00295,payment_failed,failed_payment,571.23,571.23,2026-06-25 23:00:00,Netbanking,failed,bank decline,True,True,,,,,,0,2,27,0.915,206263.05,reliable,False,False,True,usually_recovers_via_retry,False,not_recovered,0.0,True,no_recovery_within_window,train
CASE00201,TXN000201,CUST00154,subscription_renewal_failed,failed_subscription,809.48,809.48,2026-08-06 23:00:00,Netbanking,failed_recurring,network failure,,,failed,failed,,,,0,2,31,0.919,45601.57,reliable,False,False,True,usually_recovers_via_retry,True,recovered,809.48,True,retry_succeeded,train
CASE00202,TXN000202,CUST00177,subscription_renewal_failed,failed_subscription,475.89,475.89,2026-07-30 06:00:00,Wallet,failed_recurring,insufficient funds,,,failed,active_pending_retry,,,,0,1,3,0.762,7839.28,occasional_failure,False,False,True,usually_needs_reminder,True,recovered,475.89,True,retry_succeeded,train
CASE00203,TXN000203,CUST00017,checkout_abandoned,checkout_abandonment,4869.45,4869.45,2026-06-15 21:00:00,Card,abandoned,,True,False,,,,,,0,0,22,0.86,16663.68,reliable,False,False,True,usually_recovers_via_retry,True,recovered,4869.45,True,paid_after_reminder_or_link,train
CASE00204,TXN000204,CUST00412,invoice_overdue,overdue_receivable,16785.09,16785.09,2026-08-20 00:00:00,Wallet,overdue,,,,,,overdue,2026-08-19,1.0,0,0,11,0.975,23850.28,reliable,False,False,True,usually_recovers_via_retry,False,not_recovered,0.0,True,no_recovery_within_window,train
CASE00205,TXN000205,CUST00181,payment_success,successful,1157.33,0.0,2026-06-09 21:00:00,UPI,success,,True,True,,,,,,0,0,30,0.852,123196.15,reliable,False,False,True,usually_recovers_via_retry,False,not_applicable,0.0,False,not_applicable,train
CASE00206,TXN000206,CUST00145,checkout_abandoned,checkout_abandonment,1070.49,1070.49,2026-08-17 23:00:00,EMI,abandoned,,True,False,,,,,,0,2,7,0.76,5582.92,occasional_failure,False,False,True,usually_needs_reminder,True,recovered,1070.49,True,paid_after_reminder_or_link,test
CASE00207,TXN000207,CUST00038,checkout_abandoned,checkout_abandonment,2356.12,2356.12,2026-07-20 12:00:00,Wallet,abandoned,,True,False,,,,,,0,0,4,0.915,5394.5,occasional_failure,False,False,True,usually_needs_reminder,True,recovered,2356.12,True,paid_after_reminder_or_link,validation
CASE00208,TXN000208,CUST00293,payment_success,successful,1204.47,0.0,2026-08-04 15:00:00,Netbanking,success,,True,True,,,,,,0,0,5,0.083,7453.51,frequent_failure,False,False,True,rarely_recovers,False,not_applicable,0.0,False,not_applicable,train
CASE00209,TXN000209,CUST00390,payment_success,successful,3236.83,0.0,2026-06-15 10:00:00,UPI,success,,True,True,,,,,,0,0,31,0.836,243164.9,reliable,False,False,True,usually_recovers_via_retry,False,not_applicable,0.0,False,not_applicable,train
CASE00210,TXN000210,CUST00017,payment_success,successful,37303.15,0.0,2026-08-17 01:00:00,UPI,success,,True,True,,,,,,0,0,22,0.86,16663.68,reliable,False,False,True,usually_recovers_via_retry,False,not_applicable,0.0,False,not_applicable,train
CASE00211,TXN000211,CUST00063,payment_success,successful,848.38,0.0,2026-06-16 00:00:00,UPI,success,,True,True,,,,,,0,0,13,0.975,21928.36,reliable,False,False,True,usually_recovers_via_retry,False,not_applicable,0.0,False,not_applicable,train
CASE00212,TXN000212,CUST00063,payment_success,successful,8189.54,0.0,2026-07-02 16:00:00,Wallet,success,,True,True,,,,,,0,0,13,0.975,21928.36,reliable,False,False,True,usually_recovers_via_retry,False,not_applicable,0.0,False,not_applicable,train
CASE00213,TXN000213,CUST00275,invoice_overdue,overdue_receivable,7382.06,7382.06,2026-08-20 00:00:00,Card,overdue,,,,,,overdue,2026-07-28,23.0,0,0,20,0.868,37791.3,reliable,False,False,True,usually_recovers_via_retry,True,recovered,6789.65,True,paid_after_reminder_or_link,train
CASE00214,TXN000214,CUST00414,invoice_overdue,overdue_receivable,48002.2,48002.2,2026-08-20 00:00:00,UPI,overdue,,,,,,overdue,2026-08-07,13.0,0,2,25,0.83,196714.82,reliable,False,False,True,usually_recovers_via_retry,True,recovered,36685.16,True,paid_after_reminder_or_link,test
CASE00215,TXN000215,CUST00195,payment_success,successful,916.13,0.0,2026-07-06 18:00:00,Wallet,success,,True,True,,,,,,0,0,0,0.641,741.88,new,False,False,True,new_customer,False,not_applicable,0.0,False,not_applicable,validation
CASE00216,TXN000216,CUST00154,subscription_renewal_failed,failed_subscription,730.64,730.64,2026-06-14 13:00:00,UPI,failed_recurring,insufficient funds,,,failed,failed,,,,0,0,31,0.919,45601.57,reliable,False,False,True,usually_recovers_via_retry,True,recovered,730.64,True,retry_succeeded,train
CASE00217,TXN000217,CUST00349,payment_success,successful,7723.45,0.0,2026-06-18 11:00:00,UPI,success,,True,True,,,,,,0,0,21,0.935,18296.07,reliable,False,False,True,usually_recovers_via_retry,False,not_applicable,0.0,False,not_applicable,train
CASE00218,TXN000218,CUST00340,checkout_abandoned,checkout_abandonment,2067.43,2067.43,2026-07-26 21:00:00,UPI,abandoned,,True,False,,,,,,0,0,4,0.34,1127.14,frequent_failure,True,False,False,rarely_recovers,False,not_recovered,0.0,True,opted_out_no_contact_possible,train
CASE00219,TXN000219,CUST00108,checkout_abandoned,checkout_abandonment,1857.59,1857.59,2026-06-16 03:00:00,Card,abandoned,,True,False,,,,,,0,1,4,0.734,7819.94,occasional_failure,False,False,True,usually_needs_reminder,False,not_recovered,0.0,True,no_recovery_within_window,train
CASE00220,TXN000220,CUST00067,payment_success,successful,1149.47,0.0,2026-07-11 03:00:00,UPI,success,,True,True,,,,,,0,0,17,0.977,21475.89,reliable,False,False,True,usually_recovers_via_retry,False,not_applicable,0.0,False,not_applicable,train
CASE00221,TXN000221,CUST00159,invoice_overdue,overdue_receivable,4851.88,4851.88,2026-08-20 00:00:00,UPI,overdue,,,,,,overdue,2026-07-25,26.0,0,1,16,0.911,56783.68,reliable,False,False,True,usually_recovers_via_retry,True,recovered,4019.32,True,paid_after_reminder_or_link,train
CASE00222,TXN000222,CUST00353,payment_success,successful,4072.53,0.0,2026-07-12 14:00:00,UPI,success,,True,True,,,,,,0,0,16,0.912,59842.74,reliable,False,False,True,usually_recovers_via_retry,False,not_applicable,0.0,False,not_applicable,train
CASE00223,TXN000223,CUST00320,payment_failed,failed_payment,1265.33,1265.33,2026-08-01 23:00:00,UPI,failed,network failure,True,True,,,,,,0,1,6,0.275,6840.21,frequent_failure,False,False,True,rarely_recovers,True,recovered,1265.33,True,retry_succeeded,train
CASE00224,TXN000224,CUST00305,payment_success,successful,1608.77,0.0,2026-05-29 18:00:00,UPI,success,,True,True,,,,,,0,0,24,0.864,214255.14,reliable,False,False,True,usually_recovers_via_retry,False,not_applicable,0.0,False,not_applicable,test
CASE00225,TXN000225,CUST00375,payment_success,successful,351.93,0.0,2026-06-01 04:00:00,UPI,success,,True,True,,,,,,0,0,0,0.743,2947.02,new,False,False,True,new_customer,False,not_applicable,0.0,False,not_applicable,validation
CASE00226,TXN000226,CUST00121,subscription_renewal_failed,failed_subscription,338.56,338.56,2026-05-27 12:00:00,UPI,failed_recurring,network failure,,,failed,active_pending_retry,,,,0,0,22,0.919,17484.45,reliable,False,False,True,usually_recovers_via_retry,True,recovered,338.56,True,retry_succeeded,train
CASE00227,TXN000227,CUST00151,payment_failed,failed_payment,4921.25,4921.25,2026-06-13 11:00:00,Card,failed,network failure,True,True,,,,,,0,0,26,0.798,262237.11,reliable,False,False,True,usually_recovers_via_retry,False,not_recovered,0.0,True,no_recovery_within_window,train
CASE00228,TXN000228,CUST00018,checkout_abandoned,checkout_abandonment,485.06,485.06,2026-08-05 10:00:00,Netbanking,abandoned,,True,False,,,,,,0,2,0,0.462,2348.58,new,False,False,True,new_customer,False,not_recovered,0.0,True,no_recovery_within_window,train
CASE00229,TXN000229,CUST00391,subscription_renewal_failed,failed_subscription,453.74,453.74,2026-08-08 18:00:00,Card,failed_recurring,bank decline,,,failed,failed,,,,0,1,17,0.893,45662.53,reliable,False,False,True,usually_recovers_via_retry,True,recovered,453.74,True,retry_succeeded,validation
CASE00230,TXN000230,CUST00262,invoice_overdue,overdue_receivable,50200.43,50200.43,2026-08-20 00:00:00,UPI,overdue,,,,,,overdue,2026-08-01,19.0,0,1,32,0.863,86276.96,reliable,False,False,True,usually_recovers_via_retry,True,recovered,43673.47,True,paid_after_reminder_or_link,train
CASE00231,TXN000231,CUST00132,invoice_overdue,overdue_receivable,7034.13,7034.13,2026-08-20 00:00:00,UPI,overdue,,,,,,overdue,2026-07-03,48.0,0,0,5,0.396,1289.34,frequent_failure,False,False,True,rarely_recovers,True,recovered,6971.82,True,paid_after_reminder_or_link,train
CASE00232,TXN000232,CUST00030,payment_success,successful,753.89,0.0,2026-07-16 03:00:00,UPI,success,,True,True,,,,,,0,0,15,0.972,21770.43,reliable,False,False,True,usually_recovers_via_retry,False,not_applicable,0.0,False,not_applicable,train
CASE00233,TXN000233,CUST00331,subscription_renewal_failed,failed_subscription,425.06,425.06,2026-06-12 09:00:00,Card,failed_recurring,bank decline,,,failed,active_pending_retry,,,,0,0,18,0.909,51894.83,reliable,False,False,True,usually_recovers_via_retry,True,recovered,425.06,True,retry_succeeded,train
CASE00234,TXN000234,CUST00343,payment_failed,failed_payment,6789.57,6789.57,2026-08-10 10:00:00,UPI,failed,insufficient funds,True,True,,,,,,1,3,18,0.884,251152.0,reliable,False,False,True,usually_recovers_via_retry,False,not_recovered,0.0,True,no_recovery_within_window,train
CASE00235,TXN000235,CUST00306,checkout_abandoned,checkout_abandonment,4176.9,4176.9,2026-06-15 00:00:00,Card,abandoned,,True,False,,,,,,0,2,5,0.728,6318.86,occasional_failure,False,False,True,usually_needs_reminder,True,recovered,4176.9,True,paid_after_reminder_or_link,validation
CASE00236,TXN000236,CUST00089,payment_success,successful,932.45,0.0,2026-07-26 10:00:00,UPI,success,,True,True,,,,,,0,0,0,0.781,2046.79,new,False,False,True,new_customer,False,not_applicable,0.0,False,not_applicable,train
CASE00237,TXN000237,CUST00411,payment_success,successful,9513.74,0.0,2026-06-07 13:00:00,Netbanking,success,,True,True,,,,,,0,0,21,0.884,25153.71,reliable,False,False,True,usually_recovers_via_retry,False,not_applicable,0.0,False,not_applicable,train
CASE00238,TXN000238,CUST00345,payment_success,successful,889.58,0.0,2026-07-11 18:00:00,Card,success,,True,True,,,,,,0,0,16,0.989,21087.69,reliable,False,False,True,usually_recovers_via_retry,False,not_applicable,0.0,False,not_applicable,train
CASE00239,TXN000239,CUST00301,payment_success,successful,2011.04,0.0,2026-07-27 03:00:00,Wallet,success,,True,True,,,,,,0,0,21,0.924,56181.23,reliable,False,False,True,usually_recovers_via_retry,False,not_applicable,0.0,False,not_applicable,validation
CASE00240,TXN000240,CUST00299,payment_failed,failed_payment,1122.62,1122.62,2026-07-15 18:00:00,Netbanking,failed,bank decline,True,True,,,,,,0,0,20,0.827,53733.0,reliable,False,False,True,usually_recovers_via_retry,True,recovered,1122.62,True,retry_succeeded,train
CASE00241,TXN000241,CUST00407,payment_success,successful,767.07,0.0,2026-08-18 03:00:00,Wallet,success,,True,True,,,,,,0,0,6,0.799,8332.39,occasional_failure,False,False,True,usually_needs_reminder,False,not_applicable,0.0,False,not_applicable,train
CASE00242,TXN000242,CUST00419,checkout_abandoned,checkout_abandonment,1355.08,1355.08,2026-07-02 09:00:00,UPI,abandoned,,True,False,,,,,,0,0,0,0.573,1570.07,new,True,False,False,new_customer,False,not_recovered,0.0,True,opted_out_no_contact_possible,train
CASE00243,TXN000243,CUST00271,payment_failed,failed_payment,1143.45,1143.45,2026-05-23 12:00:00,Netbanking,failed,network failure,True,True,,,,,,2,3,0,0.22,1947.57,new,False,False,True,new_customer,False,not_recovered,0.0,True,no_recovery_within_window,train
CASE00244,TXN000244,CUST00185,payment_failed,failed_payment,1280.21,1280.21,2026-07-07 07:00:00,Card,failed,authentication failure,True,True,,,,,,0,2,15,0.805,58856.57,reliable,False,False,True,usually_recovers_via_retry,True,recovered,1280.21,True,retry_succeeded,train
CASE00245,TXN000245,CUST00160,payment_success,successful,8860.75,0.0,2026-08-16 13:00:00,UPI,success,,True,True,,,,,,0,0,16,0.909,49509.4,reliable,False,False,True,usually_recovers_via_retry,False,not_applicable,0.0,False,not_applicable,validation
CASE00246,TXN000246,CUST00370,payment_success,successful,1468.01,0.0,2026-06-29 06:00:00,UPI,success,,True,True,,,,,,0,0,26,0.968,225134.82,reliable,False,False,True,usually_recovers_via_retry,False,not_applicable,0.0,False,not_applicable,train
CASE00247,TXN000247,CUST00297,invoice_overdue,overdue_receivable,10115.74,10115.74,2026-08-20 00:00:00,UPI,overdue,,,,,,overdue,2026-08-15,5.0,0,0,8,0.545,5320.72,frequent_failure,False,True,False,rarely_recovers,False,not_recovered,0.0,True,high_risk_flag_unrecovered,train
CASE00248,TXN000248,CUST00032,payment_failed,failed_payment,2070.4,2070.4,2026-06-25 12:00:00,UPI,failed,network failure,True,True,,,,,,1,1,4,0.546,9269.14,frequent_failure,False,False,True,rarely_recovers,False,not_recovered,0.0,True,no_recovery_within_window,test
CASE00249,TXN000249,CUST00062,invoice_overdue,overdue_receivable,6070.43,6070.43,2026-08-20 00:00:00,UPI,overdue,,,,,,overdue,2026-07-08,43.0,0,1,5,0.801,12792.67,occasional_failure,False,False,True,usually_needs_reminder,True,recovered,5446.65,True,paid_after_reminder_or_link,train
CASE00250,TXN000250,CUST00405,checkout_abandoned,checkout_abandonment,3600.35,3600.35,2026-06-21 00:00:00,UPI,abandoned,,True,False,,,,,,0,2,3,0.319,2191.47,frequent_failure,True,False,False,rarely_recovers,False,not_recovered,0.0,True,opted_out_no_contact_possible,train
CASE00251,TXN000251,CUST00398,payment_success,successful,2746.77,0.0,2026-08-17 17:00:00,Card,success,,True,True,,,,,,0,0,8,0.568,5181.79,occasional_failure,False,False,True,usually_needs_reminder,False,not_applicable,0.0,False,not_applicable,train
CASE00252,TXN000252,CUST00431,payment_failed,failed_payment,984.73,984.73,2026-08-13 17:00:00,Netbanking,failed,insufficient funds,True,True,,,,,,0,0,8,0.398,6679.25,frequent_failure,False,False,True,rarely_recovers,False,not_recovered,0.0,True,no_recovery_within_window,train
CASE00253,TXN000253,CUST00189,payment_success,successful,942.58,0.0,2026-06-21 09:00:00,Wallet,success,,True,True,,,,,,0,0,18,0.943,44580.03,reliable,False,False,True,usually_recovers_via_retry,False,not_applicable,0.0,False,not_applicable,train
CASE00254,TXN000254,CUST00356,subscription_renewal_failed,failed_subscription,372.11,372.11,2026-07-31 16:00:00,EMI,failed_recurring,insufficient funds,,,failed,failed,,,,0,2,5,0.612,5488.47,occasional_failure,False,False,True,usually_needs_reminder,False,not_recovered,0.0,True,no_recovery_within_window,train
CASE00255,TXN000255,CUST00374,payment_success,successful,1500.02,0.0,2026-06-29 21:00:00,UPI,success,,True,True,,,,,,0,0,8,0.895,11298.65,occasional_failure,False,False,True,usually_needs_reminder,False,not_applicable,0.0,False,not_applicable,train
CASE00256,TXN000256,CUST00139,subscription_renewal_failed,failed_subscription,529.13,529.13,2026-06-14 10:00:00,Card,failed_recurring,bank decline,,,failed,active_pending_retry,,,,0,0,17,0.922,55675.69,reliable,False,False,True,usually_recovers_via_retry,True,recovered,529.13,True,retry_succeeded,train
CASE00257,TXN000257,CUST00063,invoice_overdue,overdue_receivable,6609.9,6609.9,2026-08-20 00:00:00,Netbanking,overdue,,,,,,overdue,2026-03-31,142.0,0,1,13,0.975,21928.36,reliable,False,False,True,usually_recovers_via_retry,False,not_recovered,0.0,True,no_recovery_within_window,train
CASE00258,TXN000258,CUST00450,checkout_abandoned,checkout_abandonment,4418.93,4418.93,2026-08-16 01:00:00,UPI,abandoned,,True,False,,,,,,0,1,17,0.946,42546.74,reliable,False,False,True,usually_recovers_via_retry,True,recovered,4418.93,True,paid_after_reminder_or_link,train
CASE00259,TXN000259,CUST00013,payment_failed,failed_payment,617.07,617.07,2026-08-07 23:00:00,Wallet,failed,network failure,True,True,,,,,,0,2,18,0.869,22987.8,reliable,False,False,True,usually_recovers_via_retry,True,recovered,617.07,True,retry_succeeded,train
CASE00260,TXN000260,CUST00273,checkout_abandoned,checkout_abandonment,1146.77,1146.77,2026-06-02 05:00:00,UPI,abandoned,,True,False,,,,,,0,0,0,0.083,2833.47,new,False,False,True,new_customer,True,recovered,1146.77,True,paid_after_reminder_or_link,validation
CASE00261,TXN000261,CUST00299,checkout_abandoned,checkout_abandonment,3789.05,3789.05,2026-07-01 17:00:00,Netbanking,abandoned,,True,False,,,,,,0,1,20,0.827,53733.0,reliable,False,False,True,usually_recovers_via_retry,True,recovered,3789.05,True,paid_after_reminder_or_link,train
CASE00262,TXN000262,CUST00314,payment_success,successful,4256.52,0.0,2026-08-04 02:00:00,UPI,success,,True,True,,,,,,0,0,11,0.953,11515.43,occasional_failure,False,False,True,usually_needs_reminder,False,not_applicable,0.0,False,not_applicable,train
CASE00263,TXN000263,CUST00113,subscription_renewal_failed,failed_subscription,231.18,231.18,2026-05-27 03:00:00,UPI,failed_recurring,insufficient funds,,,failed,active_pending_retry,,,,1,1,8,0.492,5406.75,occasional_failure,False,False,True,usually_needs_reminder,False,not_recovered,0.0,True,no_recovery_within_window,train
CASE00264,TXN000264,CUST00331,payment_success,successful,3825.2,0.0,2026-07-07 16:00:00,Wallet,success,,True,True,,,,,,0,0,18,0.909,51894.83,reliable,False,False,True,usually_recovers_via_retry,False,not_applicable,0.0,False,not_applicable,train
CASE00265,TXN000265,CUST00096,payment_success,successful,7222.65,0.0,2026-06-26 08:00:00,Wallet,success,,True,True,,,,,,0,0,31,0.975,17210.29,reliable,False,False,True,usually_recovers_via_retry,False,not_applicable,0.0,False,not_applicable,train
CASE00266,TXN000266,CUST00375,checkout_abandoned,checkout_abandonment,1827.06,1827.06,2026-07-20 15:00:00,UPI,abandoned,,True,False,,,,,,0,0,0,0.743,2947.02,new,False,False,True,new_customer,True,recovered,1827.06,True,paid_after_reminder_or_link,validation
CASE00267,TXN000267,CUST00096,checkout_abandoned,checkout_abandonment,458.47,458.47,2026-07-13 12:00:00,Netbanking,abandoned,,True,False,,,,,,0,0,31,0.975,17210.29,reliable,False,False,True,usually_recovers_via_retry,False,not_recovered,0.0,True,no_recovery_within_window,train
CASE00268,TXN000268,CUST00321,payment_failed,failed_payment,2408.64,2408.64,2026-08-04 21:00:00,Netbanking,failed,bank decline,True,True,,,,,,3,4,3,0.208,6994.9,frequent_failure,False,False,True,rarely_recovers,False,not_recovered,0.0,True,exceeded_retry_limit_unrecovered,validation
CASE00269,TXN000269,CUST00356,payment_failed,failed_payment,3515.46,3515.46,2026-06-23 12:00:00,Netbanking,failed,bank decline,True,True,,,,,,1,2,5,0.612,5488.47,occasional_failure,False,False,True,usually_needs_reminder,True,recovered,3515.46,True,retry_succeeded,train
CASE00270,TXN000270,CUST00081,payment_success,successful,1657.85,0.0,2026-06-30 01:00:00,Card,success,,True,True,,,,,,0,0,16,0.95,32617.14,reliable,False,False,True,usually_recovers_via_retry,False,not_applicable,0.0,False,not_applicable,validation
CASE00271,TXN000271,CUST00105,invoice_overdue,overdue_receivable,2402.03,2402.03,2026-08-20 00:00:00,EMI,overdue,,,,,,overdue,2026-03-23,150.0,0,0,22,0.793,36036.8,reliable,False,False,True,usually_recovers_via_retry,False,not_recovered,0.0,True,no_recovery_within_window,validation
CASE00272,TXN000272,CUST00354,subscription_renewal_failed,failed_subscription,405.7,405.7,2026-06-21 16:00:00,UPI,failed_recurring,insufficient funds,,,failed,active_pending_retry,,,,0,0,18,0.918,37964.67,reliable,False,False,True,usually_recovers_via_retry,True,recovered,405.7,True,retry_succeeded,train
CASE00273,TXN000273,CUST00038,payment_failed,failed_payment,769.84,769.84,2026-07-24 10:00:00,UPI,failed,UPI timeout,True,True,,,,,,0,1,4,0.915,5394.5,occasional_failure,False,False,True,usually_needs_reminder,False,not_recovered,0.0,True,no_recovery_within_window,validation
CASE00274,TXN000274,CUST00081,payment_failed,failed_payment,2219.04,2219.04,2026-05-28 09:00:00,UPI,failed,insufficient funds,True,True,,,,,,0,0,16,0.95,32617.14,reliable,False,False,True,usually_recovers_via_retry,True,recovered,2219.04,True,retry_succeeded,validation
CASE00275,TXN000275,CUST00203,payment_success,successful,137.77,0.0,2026-07-20 09:00:00,Card,success,,True,True,,,,,,0,0,6,0.921,14310.06,occasional_failure,False,False,True,usually_needs_reminder,False,not_applicable,0.0,False,not_applicable,train
CASE00276,TXN000276,CUST00420,payment_failed,failed_payment,738.35,738.35,2026-07-31 18:00:00,Netbanking,failed,network failure,True,True,,,,,,0,0,9,0.216,6342.52,frequent_failure,False,False,True,rarely_recovers,True,recovered,738.35,True,retry_succeeded,train
CASE00277,TXN000277,CUST00251,subscription_renewal_failed,failed_subscription,378.33,378.33,2026-07-27 23:00:00,Netbanking,failed_recurring,network failure,,,failed,active_pending_retry,,,,0,1,20,0.787,28580.7,reliable,False,False,True,usually_recovers_via_retry,False,not_recovered,0.0,True,no_recovery_within_window,validation
CASE00278,TXN000278,CUST00172,payment_success,successful,615.66,0.0,2026-07-18 21:00:00,UPI,success,,True,True,,,,,,0,0,5,0.856,10547.38,occasional_failure,False,False,True,usually_needs_reminder,False,not_applicable,0.0,False,not_applicable,train
CASE00279,TXN000279,CUST00441,subscription_renewal_failed,failed_subscription,603.03,603.03,2026-07-03 15:00:00,Card,failed_recurring,bank decline,,,failed,active_pending_retry,,,,1,1,25,0.909,270987.23,reliable,False,False,True,usually_recovers_via_retry,True,recovered,603.03,True,retry_succeeded,train
CASE00280,TXN000280,CUST00209,payment_failed,failed_payment,2435.33,2435.33,2026-06-21 03:00:00,Card,failed,authentication failure,True,True,,,,,,1,1,1,0.255,2361.45,new,False,False,True,new_customer,True,recovered,2435.33,True,retry_succeeded,train
CASE00281,TXN000281,CUST00193,checkout_abandoned,checkout_abandonment,769.73,769.73,2026-07-10 04:00:00,UPI,abandoned,,True,False,,,,,,0,0,0,0.653,1880.63,new,False,False,True,new_customer,False,not_recovered,0.0,True,no_recovery_within_window,test
CASE00282,TXN000282,CUST00183,subscription_renewal_failed,failed_subscription,291.27,291.27,2026-07-04 00:00:00,Netbanking,failed_recurring,insufficient funds,,,failed,failed,,,,0,1,5,0.759,3538.56,occasional_failure,False,False,True,usually_needs_reminder,True,recovered,291.27,True,retry_succeeded,validation
CASE00283,TXN000283,CUST00138,invoice_overdue,overdue_receivable,6945.5,6945.5,2026-08-20 00:00:00,UPI,overdue,,,,,,overdue,2026-07-24,27.0,0,0,3,0.825,4864.77,occasional_failure,False,False,True,usually_needs_reminder,True,recovered,5590.02,True,paid_after_reminder_or_link,test
CASE00284,TXN000284,CUST00144,checkout_abandoned,checkout_abandonment,5112.0,5112.0,2026-05-27 08:00:00,UPI,abandoned,,True,False,,,,,,0,0,19,0.922,18375.78,reliable,False,False,True,usually_recovers_via_retry,True,recovered,5112.0,True,paid_after_reminder_or_link,train
CASE00285,TXN000285,CUST00318,payment_success,successful,1274.43,0.0,2026-07-23 08:00:00,UPI,success,,True,True,,,,,,0,0,22,0.891,58256.72,reliable,False,False,True,usually_recovers_via_retry,False,not_applicable,0.0,False,not_applicable,train
CASE00286,TXN000286,CUST00017,payment_success,successful,11397.1,0.0,2026-06-21 20:00:00,UPI,success,,True,True,,,,,,0,0,22,0.86,16663.68,reliable,False,False,True,usually_recovers_via_retry,False,not_applicable,0.0,False,not_applicable,train
CASE00287,TXN000287,CUST00314,checkout_abandoned,checkout_abandonment,1014.24,1014.24,2026-07-13 12:00:00,Netbanking,abandoned,,True,False,,,,,,0,0,11,0.953,11515.43,occasional_failure,False,False,True,usually_needs_reminder,True,recovered,1014.24,True,paid_after_reminder_or_link,train
CASE00288,TXN000288,CUST00087,payment_success,successful,1348.12,0.0,2026-05-29 04:00:00,Wallet,success,,True,True,,,,,,0,0,14,0.863,59196.49,reliable,False,False,True,usually_recovers_via_retry,False,not_applicable,0.0,False,not_applicable,train
CASE00289,TXN000289,CUST00170,checkout_abandoned,checkout_abandonment,2548.34,2548.34,2026-08-18 12:00:00,UPI,abandoned,,True,False,,,,,,0,0,8,0.23,2772.64,frequent_failure,False,False,True,rarely_recovers,True,recovered,2548.34,True,paid_after_reminder_or_link,train
CASE00290,TXN000290,CUST00063,payment_success,successful,674.03,0.0,2026-08-14 19:00:00,Card,success,,True,True,,,,,,0,0,13,0.975,21928.36,reliable,False,False,True,usually_recovers_via_retry,False,not_applicable,0.0,False,not_applicable,train
CASE00291,TXN000291,CUST00247,subscription_renewal_failed,failed_subscription,428.29,428.29,2026-06-01 16:00:00,UPI,failed_recurring,UPI timeout,,,failed,active_pending_retry,,,,0,0,18,0.904,34885.55,reliable,False,False,True,usually_recovers_via_retry,True,recovered,428.29,True,retry_succeeded,train
CASE00292,TXN000292,CUST00334,subscription_renewal_failed,failed_subscription,2404.84,2404.84,2026-06-09 21:00:00,Netbanking,failed_recurring,insufficient funds,,,failed,failed,,,,0,1,25,0.673,142245.16,reliable,False,False,True,usually_recovers_via_retry,True,recovered,2404.84,True,retry_succeeded,validation
CASE00293,TXN000293,CUST00158,payment_failed,failed_payment,1622.91,1622.91,2026-07-18 01:00:00,UPI,failed,bank decline,True,True,,,,,,0,1,8,0.859,32037.94,reliable,False,False,True,usually_recovers_via_retry,True,recovered,1622.91,True,retry_succeeded,train
CASE00294,TXN000294,CUST00069,payment_success,successful,6708.46,0.0,2026-06-26 20:00:00,UPI,success,,True,True,,,,,,0,0,0,0.644,2548.0,new,False,False,True,new_customer,False,not_applicable,0.0,False,not_applicable,train
CASE00295,TXN000295,CUST00101,invoice_overdue,overdue_receivable,4883.42,4883.42,2026-08-20 00:00:00,UPI,overdue,,,,,,overdue,2026-08-18,2.0,0,2,9,0.489,4338.21,frequent_failure,False,False,True,rarely_recovers,False,not_recovered,0.0,True,no_recovery_within_window,test
CASE00296,TXN000296,CUST00370,subscription_renewal_failed,failed_subscription,2406.31,2406.31,2026-07-20 07:00:00,Card,failed_recurring,bank decline,,,failed,active_pending_retry,,,,0,1,26,0.968,225134.82,reliable,False,False,True,usually_recovers_via_retry,True,recovered,2406.31,True,retry_succeeded,train
CASE00297,TXN000297,CUST00118,payment_success,successful,709.9,0.0,2026-08-19 18:00:00,Card,success,,True,True,,,,,,0,0,15,0.922,56091.92,reliable,False,False,True,usually_recovers_via_retry,False,not_applicable,0.0,False,not_applicable,train
CASE00298,TXN000298,CUST00353,payment_success,successful,945.88,0.0,2026-08-16 08:00:00,UPI,success,,True,True,,,,,,0,0,16,0.912,59842.74,reliable,False,False,True,usually_recovers_via_retry,False,not_applicable,0.0,False,not_applicable,train
CASE00299,TXN000299,CUST00146,payment_failed,failed_payment,908.55,908.55,2026-08-16 18:00:00,Netbanking,failed,network failure,True,True,,,,,,1,1,8,0.76,8703.67,occasional_failure,False,False,True,usually_needs_reminder,True,recovered,908.55,True,retry_succeeded,train
CASE00300,TXN000300,CUST00081,subscription_renewal_failed,failed_subscription,880.42,880.42,2026-05-31 13:00:00,Netbanking,failed_recurring,network failure,,,failed,failed,,,,1,1,16,0.95,32617.14,reliable,False,False,True,usually_recovers_via_retry,True,recovered,880.42,True,retry_succeeded,validation
CASE00301,TXN000301,CUST00333,payment_success,successful,979.91,0.0,2026-06-04 00:00:00,Card,success,,True,True,,,,,,0,0,23,0.798,52289.15,reliable,False,False,True,usually_recovers_via_retry,False,not_applicable,0.0,False,not_applicable,test
CASE00302,TXN000302,CUST00211,payment_success,successful,359.4,0.0,2026-07-09 11:00:00,UPI,success,,True,True,,,,,,0,0,11,0.92,36234.63,reliable,False,False,True,usually_recovers_via_retry,False,not_applicable,0.0,False,not_applicable,train
CASE00303,TXN000303,CUST00013,payment_success,successful,3027.07,0.0,2026-08-16 01:00:00,Card,success,,True,True,,,,,,0,0,18,0.869,22987.8,reliable,False,False,True,usually_recovers_via_retry,False,not_applicable,0.0,False,not_applicable,train
CASE00304,TXN000304,CUST00433,invoice_overdue,overdue_receivable,7232.01,7232.01,2026-08-20 00:00:00,UPI,overdue,,,,,,overdue,2026-08-05,15.0,0,1,19,0.987,25705.94,reliable,False,False,True,usually_recovers_via_retry,True,recovered,6897.08,True,paid_after_reminder_or_link,test
CASE00305,TXN000305,CUST00064,payment_success,successful,5562.43,0.0,2026-07-27 08:00:00,UPI,success,,True,True,,,,,,0,0,11,0.915,20033.02,reliable,False,False,True,usually_recovers_via_retry,False,not_applicable,0.0,False,not_applicable,train
CASE00306,TXN000306,CUST00157,checkout_abandoned,checkout_abandonment,1210.05,1210.05,2026-07-12 22:00:00,Card,abandoned,,True,False,,,,,,0,0,6,0.82,3169.5,occasional_failure,False,False,True,usually_needs_reminder,True,recovered,1210.05,True,paid_after_reminder_or_link,validation
CASE00307,TXN000307,CUST00170,payment_failed,failed_payment,5752.71,5752.71,2026-06-12 01:00:00,Card,failed,bank decline,True,True,,,,,,1,3,8,0.23,2772.64,frequent_failure,False,False,True,rarely_recovers,False,not_recovered,0.0,True,no_recovery_within_window,train
CASE00308,TXN000308,CUST00220,invoice_overdue,overdue_receivable,23040.95,23040.95,2026-08-20 00:00:00,UPI,overdue,,,,,,overdue,2026-07-03,48.0,0,0,8,0.687,3869.46,occasional_failure,False,False,True,usually_needs_reminder,True,recovered,16284.72,True,paid_after_reminder_or_link,train
CASE00309,TXN000309,CUST00357,payment_success,successful,2243.81,0.0,2026-06-18 15:00:00,EMI,success,,True,True,,,,,,0,0,23,0.925,39141.89,reliable,False,False,True,usually_recovers_via_retry,False,not_applicable,0.0,False,not_applicable,train
CASE00310,TXN000310,CUST00003,invoice_overdue,overdue_receivable,88720.74,88720.74,2026-08-20 00:00:00,Wallet,overdue,,,,,,overdue,2026-07-08,43.0,0,0,19,0.855,158834.62,reliable,False,False,True,usually_recovers_via_retry,False,not_recovered,0.0,True,no_recovery_within_window,train
CASE00311,TXN000311,CUST00421,invoice_overdue,overdue_receivable,8335.07,8335.07,2026-08-20 00:00:00,Card,overdue,,,,,,overdue,2026-08-05,15.0,0,1,21,0.896,22020.38,reliable,False,False,True,usually_recovers_via_retry,True,recovered,6683.6,True,paid_after_reminder_or_link,train
CASE00312,TXN000312,CUST00298,subscription_renewal_failed,failed_subscription,2075.24,2075.24,2026-07-31 08:00:00,UPI,failed_recurring,insufficient funds,,,failed,failed,,,,0,1,26,0.787,282202.12,reliable,False,False,True,usually_recovers_via_retry,False,not_recovered,0.0,True,no_recovery_within_window,train
CASE00313,TXN000313,CUST00430,payment_success,successful,3620.8,0.0,2026-08-07 19:00:00,Card,success,,True,True,,,,,,0,0,34,0.822,157901.9,reliable,False,False,True,usually_recovers_via_retry,False,not_applicable,0.0,False,not_applicable,test
CASE00314,TXN000314,CUST00370,payment_success,successful,1549.85,0.0,2026-05-24 20:00:00,UPI,success,,True,True,,,,,,0,0,26,0.968,225134.82,reliable,False,False,True,usually_recovers_via_retry,False,not_applicable,0.0,False,not_applicable,train
CASE00315,TXN000315,CUST00418,payment_success,successful,2275.51,0.0,2026-07-05 10:00:00,Card,success,,True,True,,,,,,0,0,17,0.968,33387.03,reliable,False,False,True,usually_recovers_via_retry,False,not_applicable,0.0,False,not_applicable,train
CASE00316,TXN000316,CUST00274,payment_success,successful,1491.64,0.0,2026-06-01 18:00:00,Wallet,success,,True,True,,,,,,0,0,19,0.86,29005.04,reliable,False,False,True,usually_recovers_via_retry,False,not_applicable,0.0,False,not_applicable,validation
CASE00317,TXN000317,CUST00159,invoice_overdue,overdue_receivable,2238.17,2238.17,2026-08-20 00:00:00,Card,overdue,,,,,,overdue,2026-08-11,9.0,0,0,16,0.911,56783.68,reliable,False,False,True,usually_recovers_via_retry,True,recovered,1672.36,True,paid_after_reminder_or_link,train
CASE00318,TXN000318,CUST00198,subscription_renewal_failed,failed_subscription,2458.43,2458.43,2026-07-22 02:00:00,Card,failed_recurring,bank decline,,,failed,failed,,,,0,0,26,0.854,164877.43,reliable,False,False,True,usually_recovers_via_retry,True,recovered,2458.43,True,retry_succeeded,train
CASE00319,TXN000319,CUST00301,checkout_abandoned,checkout_abandonment,1548.27,1548.27,2026-08-07 05:00:00,Card,abandoned,,True,False,,,,,,0,0,21,0.924,56181.23,reliable,False,False,True,usually_recovers_via_retry,True,recovered,1548.27,True,paid_after_reminder_or_link,validation
CASE00320,TXN000320,CUST00189,subscription_renewal_failed,failed_subscription,305.84,305.84,2026-07-06 12:00:00,UPI,failed_recurring,insufficient funds,,,failed,failed,,,,0,4,18,0.943,44580.03,reliable,False,False,True,usually_recovers_via_retry,True,recovered,305.84,True,retry_succeeded,train
CASE00321,TXN000321,CUST00336,payment_success,successful,1398.39,0.0,2026-07-10 02:00:00,UPI,success,,True,True,,,,,,0,0,12,0.967,47171.26,reliable,False,False,True,usually_recovers_via_retry,False,not_applicable,0.0,False,not_applicable,train
CASE00322,TXN000322,CUST00041,invoice_overdue,overdue_receivable,5851.15,5851.15,2026-08-20 00:00:00,Netbanking,overdue,,,,,,overdue,2026-05-18,94.0,0,2,3,0.856,10304.89,occasional_failure,False,False,True,usually_needs_reminder,False,not_recovered,0.0,True,no_recovery_within_window,validation
CASE00323,TXN000323,CUST00376,payment_failed,failed_payment,4880.08,4880.08,2026-07-03 23:00:00,Wallet,failed,bank decline,True,True,,,,,,0,0,0,0.531,797.07,new,False,False,True,new_customer,True,recovered,4880.08,True,retry_succeeded,train
CASE00324,TXN000324,CUST00089,payment_failed,failed_payment,2888.31,2888.31,2026-08-16 03:00:00,UPI,failed,insufficient funds,True,True,,,,,,0,0,0,0.781,2046.79,new,False,False,True,new_customer,True,recovered,2888.31,True,retry_succeeded,train
CASE00325,TXN000325,CUST00426,subscription_renewal_failed,failed_subscription,743.11,743.11,2026-08-06 10:00:00,Card,failed_recurring,authentication failure,,,failed,active_pending_retry,,,,2,2,27,0.821,141672.15,reliable,False,False,True,usually_recovers_via_retry,True,recovered,743.11,True,retry_succeeded,test
CASE00326,TXN000326,CUST00066,payment_success,successful,2210.08,0.0,2026-08-03 07:00:00,UPI,success,,True,True,,,,,,0,0,16,0.893,50435.87,reliable,False,False,True,usually_recovers_via_retry,False,not_applicable,0.0,False,not_applicable,train
CASE00327,TXN000327,CUST00056,payment_success,successful,3527.02,0.0,2026-06-28 18:00:00,Card,success,,True,True,,,,,,0,0,24,0.936,20661.32,reliable,False,False,True,usually_recovers_via_retry,False,not_applicable,0.0,False,not_applicable,train
CASE00328,TXN000328,CUST00368,invoice_overdue,overdue_receivable,55152.71,55152.71,2026-08-20 00:00:00,UPI,overdue,,,,,,overdue,2026-08-13,7.0,0,0,23,0.99,46500.46,reliable,True,False,False,usually_recovers_via_retry,False,not_recovered,0.0,True,opted_out_no_contact_possible,train
CASE00329,TXN000329,CUST00370,subscription_renewal_failed,failed_subscription,668.48,668.48,2026-08-07 11:00:00,Wallet,failed_recurring,network failure,,,failed,failed,,,,0,0,26,0.968,225134.82,reliable,False,False,True,usually_recovers_via_retry,True,recovered,668.48,True,retry_succeeded,train
CASE00330,TXN000330,CUST00338,subscription_renewal_failed,failed_subscription,359.91,359.91,2026-06-29 20:00:00,Card,failed_recurring,bank decline,,,failed,active_pending_retry,,,,0,1,18,0.965,38484.92,reliable,False,False,True,usually_recovers_via_retry,True,recovered,359.91,True,retry_succeeded,train
CASE00331,TXN000331,CUST00433,invoice_overdue,overdue_receivable,57350.23,57350.23,2026-08-20 00:00:00,UPI,overdue,,,,,,overdue,2026-03-23,150.0,0,1,19,0.987,25705.94,reliable,False,False,True,usually_recovers_via_retry,False,not_recovered,0.0,True,no_recovery_within_window,test
CASE00332,TXN000332,CUST00119,checkout_abandoned,checkout_abandonment,3732.54,3732.54,2026-06-11 02:00:00,Wallet,abandoned,,True,False,,,,,,0,1,9,0.593,7948.5,occasional_failure,False,False,True,usually_needs_reminder,True,recovered,3732.54,True,paid_after_reminder_or_link,validation
CASE00333,TXN000333,CUST00373,payment_success,successful,1416.98,0.0,2026-08-11 09:00:00,Card,success,,True,True,,,,,,0,0,5,0.797,4529.12,occasional_failure,False,False,True,usually_needs_reminder,False,not_applicable,0.0,False,not_applicable,test
CASE00334,TXN000334,CUST00157,payment_success,successful,1403.11,0.0,2026-07-11 02:00:00,Card,success,,True,True,,,,,,0,0,6,0.82,3169.5,occasional_failure,False,False,True,usually_needs_reminder,False,not_applicable,0.0,False,not_applicable,validation
CASE00335,TXN000335,CUST00241,payment_success,successful,2676.08,0.0,2026-06-04 21:00:00,UPI,success,,True,True,,,,,,0,0,26,0.861,83539.16,reliable,False,False,True,usually_recovers_via_retry,False,not_applicable,0.0,False,not_applicable,test
CASE00336,TXN000336,CUST00199,invoice_overdue,overdue_receivable,11040.98,11040.98,2026-08-20 00:00:00,Card,overdue,,,,,,overdue,2026-08-05,15.0,0,0,0,0.645,1234.9,new,False,False,True,new_customer,True,recovered,9212.36,True,paid_after_reminder_or_link,train
CASE00337,TXN000337,CUST00003,invoice_overdue,overdue_receivable,25524.49,25524.49,2026-08-20 00:00:00,Card,overdue,,,,,,overdue,2026-08-07,13.0,0,2,19,0.855,158834.62,reliable,False,False,True,usually_recovers_via_retry,True,recovered,22541.75,True,paid_after_reminder_or_link,train
CASE00338,TXN000338,CUST00257,checkout_abandoned,checkout_abandonment,7769.86,7769.86,2026-06-11 21:00:00,UPI,abandoned,,True,False,,,,,,0,2,32,0.784,204193.17,reliable,False,False,True,usually_recovers_via_retry,True,recovered,7769.86,True,paid_after_reminder_or_link,train
CASE00339,TXN000339,CUST00343,payment_failed,failed_payment,1351.12,1351.12,2026-08-10 18:00:00,UPI,failed,UPI timeout,True,True,,,,,,1,2,18,0.884,251152.0,reliable,False,False,True,usually_recovers_via_retry,False,not_recovered,0.0,True,no_recovery_within_window,train
CASE00340,TXN000340,CUST00076,payment_failed,failed_payment,2884.85,2884.85,2026-06-14 20:00:00,Card,failed,bank decline,True,True,,,,,,2,2,4,0.575,13323.38,occasional_failure,False,False,True,usually_needs_reminder,True,recovered,2884.85,True,retry_succeeded,train
CASE00341,TXN000341,CUST00420,payment_failed,failed_payment,440.79,440.79,2026-06-30 17:00:00,Netbanking,failed,bank decline,True,True,,,,,,2,2,9,0.216,6342.52,frequent_failure,False,False,True,rarely_recovers,False,not_recovered,0.0,True,no_recovery_within_window,train
CASE00342,TXN000342,CUST00238,invoice_overdue,overdue_receivable,2758.4,2758.4,2026-08-20 00:00:00,Card,overdue,,,,,,overdue,2026-07-22,29.0,0,1,15,0.949,56876.74,reliable,False,False,True,usually_recovers_via_retry,True,recovered,1990.12,True,paid_after_reminder_or_link,train
CASE00343,TXN000343,CUST00078,payment_failed,failed_payment,9180.04,9180.04,2026-08-16 16:00:00,Card,failed,network failure,True,True,,,,,,0,1,19,0.858,59850.47,reliable,False,False,True,usually_recovers_via_retry,True,recovered,9180.04,True,retry_succeeded,validation
CASE00344,TXN000344,CUST00298,payment_success,successful,6056.95,0.0,2026-08-18 05:00:00,Card,success,,True,True,,,,,,0,0,26,0.787,282202.12,reliable,False,False,True,usually_recovers_via_retry,False,not_applicable,0.0,False,not_applicable,train
CASE00345,TXN000345,CUST00082,subscription_renewal_failed,failed_subscription,525.48,525.48,2026-07-11 06:00:00,UPI,failed_recurring,insufficient funds,,,failed,failed,,,,0,0,6,0.833,7669.16,occasional_failure,False,False,True,usually_needs_reminder,True,recovered,525.48,True,retry_succeeded,train
CASE00346,TXN000346,CUST00025,payment_success,successful,6077.53,0.0,2026-06-13 10:00:00,UPI,success,,True,True,,,,,,0,0,20,0.933,19585.24,reliable,False,False,True,usually_recovers_via_retry,False,not_applicable,0.0,False,not_applicable,train
CASE00347,TXN000347,CUST00316,payment_failed,failed_payment,1969.96,1969.96,2026-05-31 22:00:00,UPI,failed,bank decline,True,True,,,,,,1,2,3,0.83,9138.37,occasional_failure,False,False,True,usually_needs_reminder,True,recovered,1969.96,True,retry_succeeded,validation
CASE00348,TXN000348,CUST00049,payment_failed,failed_payment,12199.89,12199.89,2026-06-12 19:00:00,EMI,failed,bank decline,True,True,,,,,,0,0,18,0.886,57894.25,reliable,False,False,True,usually_recovers_via_retry,True,recovered,12199.89,True,retry_succeeded,train
CASE00349,TXN000349,CUST00046,checkout_abandoned,checkout_abandonment,18612.82,18612.82,2026-05-29 15:00:00,UPI,abandoned,,True,False,,,,,,0,1,30,0.931,242403.59,reliable,False,False,True,usually_recovers_via_retry,True,recovered,18612.82,True,paid_after_reminder_or_link,train
CASE00350,TXN000350,CUST00339,invoice_overdue,overdue_receivable,6565.68,6565.68,2026-08-20 00:00:00,UPI,overdue,,,,,,overdue,2026-06-22,59.0,0,1,0,0.556,718.35,new,False,False,True,new_customer,False,not_recovered,0.0,True,no_recovery_within_window,train
CASE00351,TXN000351,CUST00023,checkout_abandoned,checkout_abandonment,1435.52,1435.52,2026-06-19 09:00:00,UPI,abandoned,,True,False,,,,,,0,1,10,0.181,6316.7,frequent_failure,False,False,True,rarely_recovers,False,not_recovered,0.0,True,no_recovery_within_window,train
CASE00352,TXN000352,CUST00367,payment_success,successful,1809.21,0.0,2026-05-31 12:00:00,UPI,success,,True,True,,,,,,0,0,20,0.885,59921.52,reliable,False,False,True,usually_recovers_via_retry,False,not_applicable,0.0,False,not_applicable,test
CASE00353,TXN000353,CUST00360,payment_success,successful,1077.98,0.0,2026-05-24 16:00:00,UPI,success,,True,True,,,,,,0,0,18,0.774,51280.42,reliable,False,False,True,usually_recovers_via_retry,False,not_applicable,0.0,False,not_applicable,validation
CASE00354,TXN000354,CUST00061,payment_success,successful,1136.95,0.0,2026-08-02 08:00:00,Card,success,,True,True,,,,,,0,0,16,0.956,48524.62,reliable,False,False,True,usually_recovers_via_retry,False,not_applicable,0.0,False,not_applicable,test
CASE00355,TXN000355,CUST00233,invoice_overdue,overdue_receivable,9114.25,9114.25,2026-08-20 00:00:00,UPI,overdue,,,,,,overdue,2026-07-04,47.0,0,0,7,0.2,3197.07,frequent_failure,False,True,False,rarely_recovers,False,not_recovered,0.0,True,high_risk_flag_unrecovered,train
CASE00356,TXN000356,CUST00043,payment_failed,failed_payment,5748.02,5748.02,2026-07-22 00:00:00,UPI,failed,UPI timeout,True,True,,,,,,1,2,15,0.95,23359.48,reliable,False,False,True,usually_recovers_via_retry,True,recovered,5748.02,True,retry_succeeded,test
CASE00357,TXN000357,CUST00291,payment_success,successful,964.59,0.0,2026-06-05 09:00:00,UPI,success,,True,True,,,,,,0,0,24,0.922,258411.58,reliable,False,False,True,usually_recovers_via_retry,False,not_applicable,0.0,False,not_applicable,train
CASE00358,TXN000358,CUST00025,invoice_overdue,overdue_receivable,26533.14,26533.14,2026-08-20 00:00:00,Card,overdue,,,,,,overdue,2026-08-12,8.0,0,1,20,0.933,19585.24,reliable,False,False,True,usually_recovers_via_retry,False,not_recovered,0.0,True,no_recovery_within_window,train
CASE00359,TXN000359,CUST00427,payment_success,successful,356.27,0.0,2026-08-08 15:00:00,Netbanking,success,,True,True,,,,,,0,0,0,0.95,1605.27,new,False,False,True,new_customer,False,not_applicable,0.0,False,not_applicable,test
CASE00360,TXN000360,CUST00092,subscription_renewal_failed,failed_subscription,713.08,713.08,2026-08-01 18:00:00,UPI,failed_recurring,UPI timeout,,,failed,active_pending_retry,,,,0,1,16,0.971,17692.1,reliable,False,False,True,usually_recovers_via_retry,True,recovered,713.08,True,retry_succeeded,train
CASE00361,TXN000361,CUST00315,invoice_overdue,overdue_receivable,15902.43,15902.43,2026-08-20 00:00:00,Card,overdue,,,,,,overdue,2026-08-04,16.0,0,2,6,0.764,5267.52,occasional_failure,False,False,True,usually_needs_reminder,True,recovered,15410.56,True,paid_after_reminder_or_link,train
CASE00362,TXN000362,CUST00056,payment_success,successful,2157.9,0.0,2026-06-29 08:00:00,Wallet,success,,True,True,,,,,,0,0,24,0.936,20661.32,reliable,False,False,True,usually_recovers_via_retry,False,not_applicable,0.0,False,not_applicable,train
CASE00363,TXN000363,CUST00092,payment_success,successful,2671.59,0.0,2026-08-04 01:00:00,UPI,success,,True,True,,,,,,0,0,16,0.971,17692.1,reliable,False,False,True,usually_recovers_via_retry,False,not_applicable,0.0,False,not_applicable,train
CASE00364,TXN000364,CUST00201,payment_success,successful,4746.02,0.0,2026-07-07 21:00:00,Wallet,success,,True,True,,,,,,0,0,19,0.886,15711.15,reliable,False,False,True,usually_recovers_via_retry,False,not_applicable,0.0,False,not_applicable,train
CASE00365,TXN000365,CUST00257,payment_success,successful,7320.75,0.0,2026-07-04 15:00:00,UPI,success,,True,True,,,,,,0,0,32,0.784,204193.17,reliable,False,False,True,usually_recovers_via_retry,False,not_applicable,0.0,False,not_applicable,train
CASE00366,TXN000366,CUST00450,payment_success,successful,5999.91,0.0,2026-08-13 08:00:00,Netbanking,success,,True,True,,,,,,0,0,17,0.946,42546.74,reliable,False,False,True,usually_recovers_via_retry,False,not_applicable,0.0,False,not_applicable,train
CASE00367,TXN000367,CUST00011,payment_success,successful,627.41,0.0,2026-07-05 16:00:00,Netbanking,success,,True,True,,,,,,0,0,5,0.831,10789.79,occasional_failure,False,False,True,usually_needs_reminder,False,not_applicable,0.0,False,not_applicable,train
CASE00368,TXN000368,CUST00001,payment_success,successful,1088.0,0.0,2026-05-28 09:00:00,Netbanking,success,,True,True,,,,,,0,0,20,0.96,50283.64,reliable,False,False,True,usually_recovers_via_retry,False,not_applicable,0.0,False,not_applicable,validation
CASE00369,TXN000369,CUST00156,invoice_overdue,overdue_receivable,31744.46,31744.46,2026-08-20 00:00:00,Wallet,overdue,,,,,,overdue,2026-07-08,43.0,0,0,16,0.598,20883.83,reliable,False,False,True,usually_recovers_via_retry,True,recovered,26141.11,True,paid_after_reminder_or_link,validation
CASE00370,TXN000370,CUST00162,checkout_abandoned,checkout_abandonment,8123.94,8123.94,2026-06-16 07:00:00,UPI,abandoned,,True,False,,,,,,0,0,6,0.434,8914.71,frequent_failure,False,False,True,rarely_recovers,True,recovered,8123.94,True,paid_after_reminder_or_link,train
CASE00371,TXN000371,CUST00398,payment_failed,failed_payment,13796.09,13796.09,2026-06-09 17:00:00,Card,failed,network failure,True,True,,,,,,1,1,8,0.568,5181.79,occasional_failure,False,False,True,usually_needs_reminder,True,recovered,13796.09,True,retry_succeeded,train
CASE00372,TXN000372,CUST00411,payment_success,successful,3344.94,0.0,2026-08-06 15:00:00,UPI,success,,True,True,,,,,,0,0,21,0.884,25153.71,reliable,False,False,True,usually_recovers_via_retry,False,not_applicable,0.0,False,not_applicable,train
CASE00373,TXN000373,CUST00396,subscription_renewal_failed,failed_subscription,3019.7,3019.7,2026-07-10 08:00:00,UPI,failed_recurring,insufficient funds,,,failed,failed,,,,0,1,3,0.835,7370.34,occasional_failure,False,False,True,usually_needs_reminder,True,recovered,3019.7,True,retry_succeeded,train
CASE00374,TXN000374,CUST00062,payment_success,successful,4548.03,0.0,2026-08-06 15:00:00,UPI,success,,True,True,,,,,,0,0,5,0.801,12792.67,occasional_failure,False,False,True,usually_needs_reminder,False,not_applicable,0.0,False,not_applicable,train
CASE00375,TXN000375,CUST00183,payment_success,successful,1416.37,0.0,2026-06-06 22:00:00,Card,success,,True,True,,,,,,0,0,5,0.759,3538.56,occasional_failure,False,False,True,usually_needs_reminder,False,not_applicable,0.0,False,not_applicable,validation
CASE00376,TXN000376,CUST00342,subscription_renewal_failed,failed_subscription,95.96,95.96,2026-07-24 17:00:00,Card,failed_recurring,network failure,,,failed,active_pending_retry,,,,0,0,5,0.456,5934.37,frequent_failure,False,False,True,rarely_recovers,True,recovered,95.96,True,retry_succeeded,train
CASE00377,TXN000377,CUST00138,payment_success,successful,2411.13,0.0,2026-08-11 04:00:00,Card,success,,True,True,,,,,,0,0,3,0.825,4864.77,occasional_failure,False,False,True,usually_needs_reminder,False,not_applicable,0.0,False,not_applicable,test
CASE00378,TXN000378,CUST00304,payment_success,successful,1858.02,0.0,2026-08-17 11:00:00,Card,success,,True,True,,,,,,0,0,6,0.708,14571.39,occasional_failure,False,False,True,usually_needs_reminder,False,not_applicable,0.0,False,not_applicable,train
CASE00379,TXN000379,CUST00105,payment_success,successful,6548.63,0.0,2026-06-12 19:00:00,Wallet,success,,True,True,,,,,,0,0,22,0.793,36036.8,reliable,False,False,True,usually_recovers_via_retry,False,not_applicable,0.0,False,not_applicable,validation
CASE00380,TXN000380,CUST00143,subscription_renewal_failed,failed_subscription,496.16,496.16,2026-08-11 09:00:00,Card,failed_recurring,insufficient funds,,,failed,failed,,,,0,1,7,0.339,5952.91,frequent_failure,True,False,False,rarely_recovers,False,not_recovered,0.0,True,opted_out_no_contact_possible,train
CASE00381,TXN000381,CUST00388,subscription_renewal_failed,failed_subscription,452.56,452.56,2026-07-07 21:00:00,Netbanking,failed_recurring,network failure,,,failed,active_pending_retry,,,,2,3,7,0.214,5095.2,frequent_failure,False,False,True,rarely_recovers,False,not_recovered,0.0,True,no_recovery_within_window,validation
CASE00382,TXN000382,CUST00110,subscription_renewal_failed,failed_subscription,402.94,402.94,2026-07-14 03:00:00,UPI,failed_recurring,UPI timeout,,,failed,active_pending_retry,,,,1,1,8,0.346,9680.67,frequent_failure,False,False,True,rarely_recovers,False,not_recovered,0.0,True,no_recovery_within_window,train
CASE00383,TXN000383,CUST00435,checkout_abandoned,checkout_abandonment,277.46,277.46,2026-07-13 03:00:00,Card,abandoned,,True,False,,,,,,0,0,0,0.779,677.0,new,False,False,True,new_customer,True,recovered,277.46,True,paid_after_reminder_or_link,train
CASE00384,TXN000384,CUST00135,payment_success,successful,8010.47,0.0,2026-07-12 16:00:00,Wallet,success,,True,True,,,,,,0,0,25,0.884,59352.95,reliable,False,False,True,usually_recovers_via_retry,False,not_applicable,0.0,False,not_applicable,train
CASE00385,TXN000385,CUST00010,payment_failed,failed_payment,3903.16,3903.16,2026-07-01 16:00:00,EMI,failed,insufficient funds,True,True,,,,,,0,0,3,0.565,5171.12,occasional_failure,False,False,True,usually_needs_reminder,True,recovered,3903.16,True,retry_succeeded,test
CASE00386,TXN000386,CUST00113,payment_failed,failed_payment,1103.58,1103.58,2026-07-02 11:00:00,UPI,failed,insufficient funds,True,True,,,,,,2,2,8,0.492,5406.75,occasional_failure,False,False,True,usually_needs_reminder,True,recovered,1103.58,True,retry_succeeded,train
CASE00387,TXN000387,CUST00073,payment_failed,failed_payment,1039.38,1039.38,2026-06-27 20:00:00,Card,failed,bank decline,True,True,,,,,,0,2,26,0.849,194693.54,reliable,False,False,True,usually_recovers_via_retry,True,recovered,1039.38,True,retry_succeeded,train
CASE00388,TXN000388,CUST00228,payment_failed,failed_payment,3304.68,3304.68,2026-08-13 08:00:00,Card,failed,insufficient funds,True,True,,,,,,0,0,20,0.938,19691.26,reliable,False,False,True,usually_recovers_via_retry,True,recovered,3304.68,True,retry_succeeded,test
CASE00389,TXN000389,CUST00049,payment_success,successful,601.0,0.0,2026-06-01 05:00:00,Netbanking,success,,True,True,,,,,,0,0,18,0.886,57894.25,reliable,False,False,True,usually_recovers_via_retry,False,not_applicable,0.0,False,not_applicable,train
CASE00390,TXN000390,CUST00288,payment_failed,failed_payment,319.85,319.85,2026-06-19 02:00:00,UPI,failed,bank decline,True,True,,,,,,1,3,2,0.733,6937.21,occasional_failure,False,False,True,usually_needs_reminder,True,recovered,319.85,True,retry_succeeded,train
CASE00391,TXN000391,CUST00394,checkout_abandoned,checkout_abandonment,1678.83,1678.83,2026-06-23 17:00:00,Card,abandoned,,True,False,,,,,,0,0,21,0.889,26266.95,reliable,False,False,True,usually_recovers_via_retry,True,recovered,1678.83,True,paid_after_reminder_or_link,train
CASE00392,TXN000392,CUST00160,subscription_renewal_failed,failed_subscription,302.64,302.64,2026-07-30 18:00:00,Wallet,failed_recurring,insufficient funds,,,failed,failed,,,,1,2,16,0.909,49509.4,reliable,False,False,True,usually_recovers_via_retry,True,recovered,302.64,True,retry_succeeded,validation
CASE00393,TXN000393,CUST00072,payment_failed,failed_payment,2486.36,2486.36,2026-06-28 10:00:00,Netbanking,failed,insufficient funds,True,True,,,,,,0,0,5,0.78,11526.39,occasional_failure,True,False,False,usually_needs_reminder,False,not_recovered,0.0,True,opted_out_no_contact_possible,train
CASE00394,TXN000394,CUST00179,invoice_overdue,overdue_receivable,25881.44,25881.44,2026-08-20 00:00:00,Card,overdue,,,,,,overdue,2026-08-06,14.0,0,0,20,0.796,267011.47,reliable,False,False,True,usually_recovers_via_retry,False,not_recovered,0.0,True,no_recovery_within_window,test
CASE00395,TXN000395,CUST00357,subscription_renewal_failed,failed_subscription,644.05,644.05,2026-08-19 17:00:00,Wallet,failed_recurring,network failure,,,failed,failed,,,,0,1,23,0.925,39141.89,reliable,False,False,True,usually_recovers_via_retry,True,recovered,644.05,True,retry_succeeded,train
CASE00396,TXN000396,CUST00267,payment_failed,failed_payment,532.12,532.12,2026-05-24 21:00:00,Card,failed,bank decline,True,True,,,,,,1,1,4,0.8,3515.7,occasional_failure,False,False,True,usually_needs_reminder,True,recovered,532.12,True,retry_succeeded,validation
CASE00397,TXN000397,CUST00044,invoice_overdue,overdue_receivable,9175.5,9175.5,2026-08-20 00:00:00,Wallet,overdue,,,,,,overdue,2026-07-21,30.0,0,2,2,0.672,4328.3,occasional_failure,False,False,True,usually_needs_reminder,False,not_recovered,0.0,True,no_recovery_within_window,train
CASE00398,TXN000398,CUST00241,subscription_renewal_failed,failed_subscription,1182.91,1182.91,2026-06-19 12:00:00,Card,failed_recurring,insufficient funds,,,failed,failed,,,,0,0,26,0.861,83539.16,reliable,False,False,True,usually_recovers_via_retry,True,recovered,1182.91,True,retry_succeeded,test
CASE00399,TXN000399,CUST00211,subscription_renewal_failed,failed_subscription,667.02,667.02,2026-07-04 05:00:00,UPI,failed_recurring,UPI timeout,,,failed,failed,,,,0,0,11,0.92,36234.63,reliable,False,False,True,usually_recovers_via_retry,True,recovered,667.02,True,retry_succeeded,train
CASE00400,TXN000400,CUST00144,subscription_renewal_failed,failed_subscription,748.7,748.7,2026-07-17 06:00:00,UPI,failed_recurring,bank decline,,,failed,failed,,,,2,4,19,0.922,18375.78,reliable,False,False,True,usually_recovers_via_retry,False,not_recovered,0.0,True,no_recovery_within_window,train
CASE00401,TXN000401,CUST00048,invoice_overdue,overdue_receivable,6949.52,6949.52,2026-08-20 00:00:00,UPI,overdue,,,,,,overdue,2026-08-12,8.0,0,0,6,0.73,9211.94,occasional_failure,False,False,True,usually_needs_reminder,True,recovered,5524.98,True,paid_after_reminder_or_link,train
CASE00402,TXN000402,CUST00443,payment_success,successful,876.38,0.0,2026-07-19 00:00:00,Wallet,success,,True,True,,,,,,0,0,19,0.919,25833.43,reliable,False,False,True,usually_recovers_via_retry,False,not_applicable,0.0,False,not_applicable,train
CASE00403,TXN000403,CUST00077,payment_success,successful,996.5,0.0,2026-06-01 10:00:00,Netbanking,success,,True,True,,,,,,0,0,3,0.848,4197.97,occasional_failure,False,False,True,usually_needs_reminder,False,not_applicable,0.0,False,not_applicable,train
CASE00404,TXN000404,CUST00082,checkout_abandoned,checkout_abandonment,1964.78,1964.78,2026-06-26 19:00:00,UPI,abandoned,,True,False,,,,,,0,2,6,0.833,7669.16,occasional_failure,False,False,True,usually_needs_reminder,True,recovered,1964.78,True,paid_after_reminder_or_link,train
CASE00405,TXN000405,CUST00063,payment_success,successful,600.35,0.0,2026-06-29 15:00:00,Card,success,,True,True,,,,,,0,0,13,0.975,21928.36,reliable,False,False,True,usually_recovers_via_retry,False,not_applicable,0.0,False,not_applicable,train
CASE00406,TXN000406,CUST00256,payment_failed,failed_payment,1114.22,1114.22,2026-08-17 22:00:00,Wallet,failed,network failure,True,True,,,,,,0,0,14,0.769,29928.72,reliable,False,False,True,usually_recovers_via_retry,True,recovered,1114.22,True,retry_succeeded,test
CASE00407,TXN000407,CUST00198,invoice_overdue,overdue_receivable,21672.08,21672.08,2026-08-20 00:00:00,UPI,overdue,,,,,,overdue,2026-06-15,66.0,0,2,26,0.854,164877.43,reliable,False,False,True,usually_recovers_via_retry,False,not_recovered,0.0,True,no_recovery_within_window,train
CASE00408,TXN000408,CUST00110,payment_failed,failed_payment,1467.17,1467.17,2026-05-24 02:00:00,Card,failed,bank decline,True,True,,,,,,1,1,8,0.346,9680.67,frequent_failure,False,False,True,rarely_recovers,True,recovered,1467.17,True,retry_succeeded,train
CASE00409,TXN000409,CUST00190,invoice_overdue,overdue_receivable,7573.13,7573.13,2026-08-20 00:00:00,UPI,overdue,,,,,,overdue,2026-08-14,6.0,0,0,5,0.98,4084.9,occasional_failure,False,False,True,usually_needs_reminder,True,recovered,5917.97,True,paid_after_reminder_or_link,test
CASE00410,TXN000410,CUST00309,payment_success,successful,4088.54,0.0,2026-07-03 12:00:00,EMI,success,,True,True,,,,,,0,0,6,0.736,10329.89,occasional_failure,False,False,True,usually_needs_reminder,False,not_applicable,0.0,False,not_applicable,train
CASE00411,TXN000411,CUST00122,checkout_abandoned,checkout_abandonment,373.66,373.66,2026-06-14 09:00:00,Card,abandoned,,True,False,,,,,,0,1,26,0.917,38908.17,reliable,False,False,True,usually_recovers_via_retry,True,recovered,373.66,True,paid_after_reminder_or_link,train
CASE00412,TXN000412,CUST00412,subscription_renewal_failed,failed_subscription,590.84,590.84,2026-06-02 07:00:00,Card,failed_recurring,bank decline,,,failed,active_pending_retry,,,,0,1,11,0.975,23850.28,reliable,False,False,True,usually_recovers_via_retry,True,recovered,590.84,True,retry_succeeded,train
CASE00413,TXN000413,CUST00135,payment_success,successful,12551.59,0.0,2026-07-01 15:00:00,Netbanking,success,,True,True,,,,,,0,0,25,0.884,59352.95,reliable,False,False,True,usually_recovers_via_retry,False,not_applicable,0.0,False,not_applicable,train
CASE00414,TXN000414,CUST00086,payment_failed,failed_payment,2924.43,2924.43,2026-08-02 05:00:00,Wallet,failed,network failure,True,True,,,,,,0,2,0,0.884,2913.54,new,False,False,True,new_customer,True,recovered,2924.43,True,retry_succeeded,train
CASE00415,TXN000415,CUST00432,invoice_overdue,overdue_receivable,7223.54,7223.54,2026-08-20 00:00:00,Card,overdue,,,,,,overdue,2026-08-06,14.0,0,1,21,0.947,59271.92,reliable,False,False,True,usually_recovers_via_retry,True,recovered,6857.91,True,paid_after_reminder_or_link,train
CASE00416,TXN000416,CUST00367,payment_failed,failed_payment,1260.21,1260.21,2026-07-03 04:00:00,UPI,failed,UPI timeout,True,True,,,,,,0,0,20,0.885,59921.52,reliable,False,False,True,usually_recovers_via_retry,True,recovered,1260.21,True,retry_succeeded,test
CASE00417,TXN000417,CUST00153,payment_failed,failed_payment,1100.02,1100.02,2026-06-28 23:00:00,Card,failed,insufficient funds,True,True,,,,,,1,1,1,0.799,2638.69,new,False,False,True,new_customer,True,recovered,1100.02,True,retry_succeeded,test
CASE00418,TXN000418,CUST00381,subscription_renewal_failed,failed_subscription,468.48,468.48,2026-06-03 12:00:00,Card,failed_recurring,insufficient funds,,,failed,failed,,,,0,0,18,0.622,32066.97,reliable,False,False,True,usually_recovers_via_retry,True,recovered,468.48,True,retry_succeeded,train
CASE00419,TXN000419,CUST00233,invoice_overdue,overdue_receivable,4421.29,4421.29,2026-08-20 00:00:00,Card,overdue,,,,,,overdue,2026-08-13,7.0,0,1,7,0.2,3197.07,frequent_failure,False,True,False,rarely_recovers,False,not_recovered,0.0,True,high_risk_flag_unrecovered,train
CASE00420,TXN000420,CUST00154,payment_success,successful,3758.88,0.0,2026-06-17 09:00:00,UPI,success,,True,True,,,,,,0,0,31,0.919,45601.57,reliable,False,False,True,usually_recovers_via_retry,False,not_applicable,0.0,False,not_applicable,train
CASE00421,TXN000421,CUST00380,payment_success,successful,1778.36,0.0,2026-06-12 11:00:00,UPI,success,,True,True,,,,,,0,0,16,0.846,39062.25,reliable,False,True,False,usually_recovers_via_retry,False,not_applicable,0.0,False,not_applicable,train
CASE00422,TXN000422,CUST00344,checkout_abandoned,checkout_abandonment,844.76,844.76,2026-08-12 02:00:00,UPI,abandoned,,True,False,,,,,,0,1,20,0.817,39576.28,reliable,False,False,True,usually_recovers_via_retry,False,not_recovered,0.0,True,no_recovery_within_window,test
CASE00423,TXN000423,CUST00132,subscription_renewal_failed,failed_subscription,398.82,398.82,2026-07-28 15:00:00,UPI,failed_recurring,UPI timeout,,,failed,active_pending_retry,,,,3,4,5,0.396,1289.34,frequent_failure,False,False,True,rarely_recovers,False,not_recovered,0.0,True,exceeded_retry_limit_unrecovered,train
CASE00424,TXN000424,CUST00276,payment_failed,failed_payment,1795.45,1795.45,2026-08-04 00:00:00,UPI,failed,insufficient funds,True,True,,,,,,0,1,2,0.847,13597.52,occasional_failure,False,False,True,usually_needs_reminder,False,not_recovered,0.0,True,no_recovery_within_window,train
CASE00425,TXN000425,CUST00164,payment_success,successful,1229.97,0.0,2026-06-23 08:00:00,UPI,success,,True,True,,,,,,0,0,0,0.559,2461.81,new,False,False,True,new_customer,False,not_applicable,0.0,False,not_applicable,train
CASE00426,TXN000426,CUST00001,payment_success,successful,2439.96,0.0,2026-07-23 17:00:00,Card,success,,True,True,,,,,,0,0,20,0.96,50283.64,reliable,False,False,True,usually_recovers_via_retry,False,not_applicable,0.0,False,not_applicable,validation
CASE00427,TXN000427,CUST00434,invoice_overdue,overdue_receivable,43523.97,43523.97,2026-08-20 00:00:00,EMI,overdue,,,,,,overdue,2026-08-12,8.0,0,0,21,0.869,118487.22,reliable,False,True,False,usually_recovers_via_retry,False,not_recovered,0.0,True,high_risk_flag_unrecovered,train
CASE00428,TXN000428,CUST00246,payment_success,successful,1758.03,0.0,2026-06-05 14:00:00,Card,success,,True,True,,,,,,0,0,24,0.832,215627.56,reliable,False,False,True,usually_recovers_via_retry,False,not_applicable,0.0,False,not_applicable,train
CASE00429,TXN000429,CUST00274,payment_success,successful,3757.2,0.0,2026-07-20 02:00:00,UPI,success,,True,True,,,,,,0,0,19,0.86,29005.04,reliable,False,False,True,usually_recovers_via_retry,False,not_applicable,0.0,False,not_applicable,validation
CASE00430,TXN000430,CUST00274,payment_success,successful,1190.72,0.0,2026-07-06 08:00:00,Card,success,,True,True,,,,,,0,0,19,0.86,29005.04,reliable,False,False,True,usually_recovers_via_retry,False,not_applicable,0.0,False,not_applicable,validation
CASE00431,TXN000431,CUST00247,payment_failed,failed_payment,3662.21,3662.21,2026-06-26 01:00:00,Wallet,failed,insufficient funds,True,True,,,,,,0,0,18,0.904,34885.55,reliable,False,False,True,usually_recovers_via_retry,True,recovered,3662.21,True,retry_succeeded,train
CASE00432,TXN000432,CUST00128,checkout_abandoned,checkout_abandonment,840.25,840.25,2026-06-07 06:00:00,Netbanking,abandoned,,True,False,,,,,,0,1,0,0.283,837.7,new,False,False,True,new_customer,True,recovered,840.25,True,paid_after_reminder_or_link,train
CASE00433,TXN000433,CUST00439,payment_failed,failed_payment,12111.68,12111.68,2026-06-14 21:00:00,Netbanking,failed,network failure,True,True,,,,,,1,1,16,0.868,16973.62,reliable,False,False,True,usually_recovers_via_retry,True,recovered,12111.68,True,retry_succeeded,train
CASE00434,TXN000434,CUST00285,subscription_renewal_failed,failed_subscription,993.26,993.26,2026-08-10 05:00:00,Card,failed_recurring,bank decline,,,failed,failed,,,,0,0,16,0.803,53734.55,reliable,False,False,True,usually_recovers_via_retry,True,recovered,993.26,True,retry_succeeded,train
CASE00435,TXN000435,CUST00308,payment_success,successful,3570.41,0.0,2026-07-12 18:00:00,UPI,success,,True,True,,,,,,0,0,16,0.905,54576.01,reliable,False,False,True,usually_recovers_via_retry,False,not_applicable,0.0,False,not_applicable,validation
CASE00436,TXN000436,CUST00203,payment_failed,failed_payment,9025.64,9025.64,2026-08-07 14:00:00,UPI,failed,insufficient funds,True,True,,,,,,0,0,6,0.921,14310.06,occasional_failure,False,False,True,usually_needs_reminder,True,recovered,9025.64,True,retry_succeeded,train
CASE00437,TXN000437,CUST00126,payment_success,successful,536.94,0.0,2026-07-08 21:00:00,UPI,success,,True,True,,,,,,0,0,9,0.786,4842.38,occasional_failure,False,False,True,usually_needs_reminder,False,not_applicable,0.0,False,not_applicable,train
CASE00438,TXN000438,CUST00026,checkout_abandoned,checkout_abandonment,1288.26,1288.26,2026-06-19 00:00:00,Card,abandoned,,True,False,,,,,,0,0,0,0.918,602.7,new,False,False,True,new_customer,True,recovered,1288.26,True,paid_after_reminder_or_link,train
CASE00439,TXN000439,CUST00156,payment_success,successful,1104.77,0.0,2026-07-09 05:00:00,Card,success,,True,True,,,,,,0,0,16,0.598,20883.83,reliable,False,False,True,usually_recovers_via_retry,False,not_applicable,0.0,False,not_applicable,validation
CASE00440,TXN000440,CUST00077,payment_failed,failed_payment,1484.68,1484.68,2026-07-11 02:00:00,Netbanking,failed,bank decline,True,True,,,,,,1,1,3,0.848,4197.97,occasional_failure,False,False,True,usually_needs_reminder,False,not_recovered,0.0,True,no_recovery_within_window,train
CASE00441,TXN000441,CUST00304,payment_failed,failed_payment,1105.66,1105.66,2026-06-14 13:00:00,UPI,failed,UPI timeout,True,True,,,,,,1,1,6,0.708,14571.39,occasional_failure,False,False,True,usually_needs_reminder,True,recovered,1105.66,True,retry_succeeded,train
CASE00442,TXN000442,CUST00396,payment_success,successful,1762.44,0.0,2026-07-15 00:00:00,Netbanking,success,,True,True,,,,,,0,0,3,0.835,7370.34,occasional_failure,False,False,True,usually_needs_reminder,False,not_applicable,0.0,False,not_applicable,train
CASE00443,TXN000443,CUST00134,checkout_abandoned,checkout_abandonment,9189.17,9189.17,2026-06-03 11:00:00,UPI,abandoned,,True,False,,,,,,0,0,7,0.694,9321.28,occasional_failure,False,False,True,usually_needs_reminder,True,recovered,9189.17,True,paid_after_reminder_or_link,validation
CASE00444,TXN000444,CUST00147,checkout_abandoned,checkout_abandonment,1170.91,1170.91,2026-06-09 11:00:00,Netbanking,abandoned,,True,False,,,,,,0,1,8,0.819,11250.41,occasional_failure,False,False,True,usually_needs_reminder,True,recovered,1170.91,True,paid_after_reminder_or_link,train
CASE00445,TXN000445,CUST00308,subscription_renewal_failed,failed_subscription,550.32,550.32,2026-07-06 21:00:00,Netbanking,failed_recurring,network failure,,,failed,failed,,,,0,0,16,0.905,54576.01,reliable,False,False,True,usually_recovers_via_retry,True,recovered,550.32,True,retry_succeeded,validation
CASE00446,TXN000446,CUST00064,payment_failed,failed_payment,1401.3,1401.3,2026-06-05 15:00:00,UPI,failed,bank decline,True,True,,,,,,0,2,11,0.915,20033.02,reliable,False,False,True,usually_recovers_via_retry,True,recovered,1401.3,True,retry_succeeded,train
CASE00447,TXN000447,CUST00420,payment_success,successful,528.97,0.0,2026-06-30 08:00:00,UPI,success,,True,True,,,,,,0,0,9,0.216,6342.52,frequent_failure,False,False,True,rarely_recovers,False,not_applicable,0.0,False,not_applicable,train
CASE00448,TXN000448,CUST00160,checkout_abandoned,checkout_abandonment,1010.28,1010.28,2026-07-05 14:00:00,Card,abandoned,,True,False,,,,,,0,2,16,0.909,49509.4,reliable,False,False,True,usually_recovers_via_retry,True,recovered,1010.28,True,paid_after_reminder_or_link,validation
CASE00449,TXN000449,CUST00044,payment_failed,failed_payment,292.23,292.23,2026-07-07 07:00:00,UPI,failed,UPI timeout,True,True,,,,,,0,1,2,0.672,4328.3,occasional_failure,False,False,True,usually_needs_reminder,True,recovered,292.23,True,retry_succeeded,train
CASE00450,TXN000450,CUST00076,payment_success,successful,1336.59,0.0,2026-07-29 04:00:00,Netbanking,success,,True,True,,,,,,0,0,4,0.575,13323.38,occasional_failure,False,False,True,usually_needs_reminder,False,not_applicable,0.0,False,not_applicable,train
CASE00451,TXN000451,CUST00421,payment_success,successful,3629.66,0.0,2026-07-17 10:00:00,Netbanking,success,,True,True,,,,,,0,0,21,0.896,22020.38,reliable,False,False,True,usually_recovers_via_retry,False,not_applicable,0.0,False,not_applicable,train
CASE00452,TXN000452,CUST00108,payment_failed,failed_payment,1588.41,1588.41,2026-08-05 20:00:00,Card,failed,insufficient funds,True,True,,,,,,0,0,4,0.734,7819.94,occasional_failure,False,False,True,usually_needs_reminder,True,recovered,1588.41,True,retry_succeeded,train
CASE00453,TXN000453,CUST00304,payment_success,successful,1146.06,0.0,2026-06-11 00:00:00,Netbanking,success,,True,True,,,,,,0,0,6,0.708,14571.39,occasional_failure,False,False,True,usually_needs_reminder,False,not_applicable,0.0,False,not_applicable,train
CASE00454,TXN000454,CUST00066,subscription_renewal_failed,failed_subscription,509.11,509.11,2026-07-19 10:00:00,Wallet,failed_recurring,bank decline,,,failed,active_pending_retry,,,,2,4,16,0.893,50435.87,reliable,False,False,True,usually_recovers_via_retry,True,recovered,509.11,True,retry_succeeded,train
CASE00455,TXN000455,CUST00083,invoice_overdue,overdue_receivable,18692.15,18692.15,2026-08-20 00:00:00,UPI,overdue,,,,,,overdue,2026-07-25,26.0,0,3,29,0.751,72618.24,reliable,False,False,True,usually_recovers_via_retry,True,recovered,16310.53,True,paid_after_reminder_or_link,train
CASE00456,TXN000456,CUST00396,invoice_overdue,overdue_receivable,15568.16,15568.16,2026-08-20 00:00:00,UPI,overdue,,,,,,overdue,2026-08-16,4.0,0,1,3,0.835,7370.34,occasional_failure,False,False,True,usually_needs_reminder,True,recovered,14082.45,True,paid_after_reminder_or_link,train
CASE00457,TXN000457,CUST00064,payment_failed,failed_payment,6787.17,6787.17,2026-07-25 07:00:00,UPI,failed,insufficient funds,True,True,,,,,,0,1,11,0.915,20033.02,reliable,False,False,True,usually_recovers_via_retry,True,recovered,6787.17,True,retry_succeeded,train
CASE00458,TXN000458,CUST00007,payment_success,successful,3490.17,0.0,2026-07-21 06:00:00,UPI,success,,True,True,,,,,,0,0,21,0.719,42037.82,reliable,False,False,True,usually_recovers_via_retry,False,not_applicable,0.0,False,not_applicable,train
CASE00459,TXN000459,CUST00225,payment_failed,failed_payment,7033.86,7033.86,2026-08-04 01:00:00,Netbanking,failed,bank decline,True,True,,,,,,0,0,6,0.796,5639.92,occasional_failure,False,False,True,usually_needs_reminder,True,recovered,7033.86,True,retry_succeeded,validation
CASE00460,TXN000460,CUST00389,payment_success,successful,883.5,0.0,2026-06-26 20:00:00,Card,success,,True,True,,,,,,0,0,0,0.199,1303.5,new,False,False,True,new_customer,False,not_applicable,0.0,False,not_applicable,train
CASE00461,TXN000461,CUST00144,subscription_renewal_failed,failed_subscription,532.4,532.4,2026-06-09 15:00:00,Wallet,failed_recurring,insufficient funds,,,failed,failed,,,,1,1,19,0.922,18375.78,reliable,False,False,True,usually_recovers_via_retry,True,recovered,532.4,True,retry_succeeded,train
CASE00462,TXN000462,CUST00056,payment_success,successful,2506.54,0.0,2026-07-08 15:00:00,UPI,success,,True,True,,,,,,0,0,24,0.936,20661.32,reliable,False,False,True,usually_recovers_via_retry,False,not_applicable,0.0,False,not_applicable,train
CASE00463,TXN000463,CUST00443,payment_failed,failed_payment,184.41,184.41,2026-07-17 00:00:00,Card,failed,authentication failure,True,True,,,,,,0,2,19,0.919,25833.43,reliable,False,False,True,usually_recovers_via_retry,True,recovered,184.41,True,retry_succeeded,train
CASE00464,TXN000464,CUST00311,payment_failed,failed_payment,4081.78,4081.78,2026-08-10 00:00:00,Netbanking,failed,bank decline,True,True,,,,,,1,1,2,0.758,3466.93,occasional_failure,False,False,True,usually_needs_reminder,False,not_recovered,0.0,True,no_recovery_within_window,train
CASE00465,TXN000465,CUST00384,payment_failed,failed_payment,1698.64,1698.64,2026-08-12 08:00:00,Netbanking,failed,bank decline,True,True,,,,,,1,1,3,0.628,9335.76,occasional_failure,False,False,True,usually_needs_reminder,True,recovered,1698.64,True,retry_succeeded,train
CASE00466,TXN000466,CUST00344,payment_success,successful,1375.94,0.0,2026-05-26 17:00:00,UPI,success,,True,True,,,,,,0,0,20,0.817,39576.28,reliable,False,False,True,usually_recovers_via_retry,False,not_applicable,0.0,False,not_applicable,test
CASE00467,TXN000467,CUST00321,payment_failed,failed_payment,1024.46,1024.46,2026-06-18 16:00:00,UPI,failed,bank decline,True,True,,,,,,2,3,3,0.208,6994.9,frequent_failure,False,False,True,rarely_recovers,False,not_recovered,0.0,True,no_recovery_within_window,validation
CASE00468,TXN000468,CUST00170,payment_failed,failed_payment,1194.1,1194.1,2026-06-13 15:00:00,UPI,failed,insufficient funds,True,True,,,,,,1,1,8,0.23,2772.64,frequent_failure,False,False,True,rarely_recovers,True,recovered,1194.1,True,retry_succeeded,train
CASE00469,TXN000469,CUST00144,payment_success,successful,573.36,0.0,2026-07-08 15:00:00,Netbanking,success,,True,True,,,,,,0,0,19,0.922,18375.78,reliable,False,False,True,usually_recovers_via_retry,False,not_applicable,0.0,False,not_applicable,train
CASE00470,TXN000470,CUST00329,checkout_abandoned,checkout_abandonment,988.8,988.8,2026-06-19 14:00:00,UPI,abandoned,,True,False,,,,,,0,0,24,0.824,53222.62,reliable,False,False,True,usually_recovers_via_retry,True,recovered,988.8,True,paid_after_reminder_or_link,test
CASE00471,TXN000471,CUST00329,checkout_abandoned,checkout_abandonment,2023.89,2023.89,2026-06-17 16:00:00,Wallet,abandoned,,True,False,,,,,,0,1,24,0.824,53222.62,reliable,False,False,True,usually_recovers_via_retry,True,recovered,2023.89,True,paid_after_reminder_or_link,test
CASE00472,TXN000472,CUST00430,payment_success,successful,8355.58,0.0,2026-07-08 01:00:00,Wallet,success,,True,True,,,,,,0,0,34,0.822,157901.9,reliable,False,False,True,usually_recovers_via_retry,False,not_applicable,0.0,False,not_applicable,test
CASE00473,TXN000473,CUST00255,payment_success,successful,458.22,0.0,2026-07-23 02:00:00,UPI,success,,True,True,,,,,,0,0,0,0.665,2337.7,new,False,False,True,new_customer,False,not_applicable,0.0,False,not_applicable,train
CASE00474,TXN000474,CUST00130,payment_success,successful,2478.16,0.0,2026-07-27 06:00:00,UPI,success,,True,True,,,,,,0,0,22,0.783,56758.68,reliable,False,False,True,usually_recovers_via_retry,False,not_applicable,0.0,False,not_applicable,train
CASE00475,TXN000475,CUST00220,checkout_abandoned,checkout_abandonment,3015.1,3015.1,2026-05-30 07:00:00,Card,abandoned,,True,False,,,,,,0,0,8,0.687,3869.46,occasional_failure,False,False,True,usually_needs_reminder,False,not_recovered,0.0,True,no_recovery_within_window,train
CASE00476,TXN000476,CUST00280,payment_success,successful,4473.38,0.0,2026-07-08 17:00:00,UPI,success,,True,True,,,,,,0,0,24,0.784,161840.74,reliable,False,False,True,usually_recovers_via_retry,False,not_applicable,0.0,False,not_applicable,validation
CASE00477,TXN000477,CUST00189,invoice_overdue,overdue_receivable,1902.95,1902.95,2026-08-20 00:00:00,Card,overdue,,,,,,overdue,2026-08-09,11.0,0,1,18,0.943,44580.03,reliable,False,False,True,usually_recovers_via_retry,True,recovered,1598.64,True,paid_after_reminder_or_link,train
CASE00478,TXN000478,CUST00358,payment_failed,failed_payment,1920.34,1920.34,2026-07-07 11:00:00,UPI,failed,bank decline,True,True,,,,,,0,0,15,0.837,55446.76,reliable,False,False,True,usually_recovers_via_retry,False,not_recovered,0.0,True,no_recovery_within_window,train
CASE00479,TXN000479,CUST00263,payment_failed,failed_payment,1084.25,1084.25,2026-07-08 04:00:00,UPI,failed,insufficient funds,True,True,,,,,,0,1,6,0.81,12742.44,occasional_failure,False,False,True,usually_needs_reminder,True,recovered,1084.25,True,retry_succeeded,test
CASE00480,TXN000480,CUST00004,payment_success,successful,2846.01,0.0,2026-08-02 02:00:00,UPI,success,,True,True,,,,,,0,0,19,0.737,40760.61,reliable,False,False,True,usually_recovers_via_retry,False,not_applicable,0.0,False,not_applicable,validation
CASE00481,TXN000481,CUST00256,checkout_abandoned,checkout_abandonment,1292.11,1292.11,2026-06-03 11:00:00,Card,abandoned,,True,False,,,,,,0,1,14,0.769,29928.72,reliable,False,False,True,usually_recovers_via_retry,True,recovered,1292.11,True,paid_after_reminder_or_link,test
CASE00482,TXN000482,CUST00292,payment_failed,failed_payment,2323.46,2323.46,2026-08-14 00:00:00,Netbanking,failed,insufficient funds,True,True,,,,,,0,1,0,0.707,2249.95,new,False,False,True,new_customer,True,recovered,2323.46,True,retry_succeeded,train
CASE00483,TXN000483,CUST00412,payment_success,successful,1438.13,0.0,2026-06-06 02:00:00,UPI,success,,True,True,,,,,,0,0,11,0.975,23850.28,reliable,False,False,True,usually_recovers_via_retry,False,not_applicable,0.0,False,not_applicable,train
CASE00484,TXN000484,CUST00184,subscription_renewal_failed,failed_subscription,204.06,204.06,2026-08-07 19:00:00,Card,failed_recurring,authentication failure,,,failed,active_pending_retry,,,,1,1,4,0.844,4487.11,occasional_failure,False,False,True,usually_needs_reminder,True,recovered,204.06,True,retry_succeeded,train
CASE00485,TXN000485,CUST00257,subscription_renewal_failed,failed_subscription,2159.51,2159.51,2026-06-18 14:00:00,UPI,failed_recurring,bank decline,,,failed,failed,,,,1,1,32,0.784,204193.17,reliable,False,False,True,usually_recovers_via_retry,True,recovered,2159.51,True,retry_succeeded,train
CASE00486,TXN000486,CUST00214,invoice_overdue,overdue_receivable,13347.65,13347.65,2026-08-20 00:00:00,Netbanking,overdue,,,,,,overdue,2026-06-22,59.0,0,2,31,0.895,225300.53,reliable,False,False,True,usually_recovers_via_retry,True,recovered,10367.0,True,paid_after_reminder_or_link,test
CASE00487,TXN000487,CUST00238,invoice_overdue,overdue_receivable,16114.44,16114.44,2026-08-20 00:00:00,Wallet,overdue,,,,,,overdue,2026-07-25,26.0,0,0,15,0.949,56876.74,reliable,False,False,True,usually_recovers_via_retry,True,recovered,11312.21,True,paid_after_reminder_or_link,train
CASE00488,TXN000488,CUST00028,checkout_abandoned,checkout_abandonment,1140.84,1140.84,2026-06-24 23:00:00,Netbanking,abandoned,,True,False,,,,,,0,0,0,0.716,1770.42,new,False,False,True,new_customer,False,not_recovered,0.0,True,no_recovery_within_window,train
CASE00489,TXN000489,CUST00404,subscription_renewal_failed,failed_subscription,345.3,345.3,2026-07-01 03:00:00,UPI,failed_recurring,insufficient funds,,,failed,failed,,,,0,0,1,0.671,1350.86,new,False,False,True,new_customer,False,not_recovered,0.0,True,no_recovery_within_window,train
CASE00490,TXN000490,CUST00410,payment_success,successful,1065.31,0.0,2026-06-17 16:00:00,UPI,success,,True,True,,,,,,0,0,6,0.688,4089.36,frequent_failure,False,False,True,rarely_recovers,False,not_applicable,0.0,False,not_applicable,train
CASE00491,TXN000491,CUST00246,checkout_abandoned,checkout_abandonment,1005.7,1005.7,2026-07-08 18:00:00,UPI,abandoned,,True,False,,,,,,0,0,24,0.832,215627.56,reliable,False,False,True,usually_recovers_via_retry,True,recovered,1005.7,True,paid_after_reminder_or_link,train
CASE00492,TXN000492,CUST00249,invoice_overdue,overdue_receivable,1647.15,1647.15,2026-08-20 00:00:00,UPI,overdue,,,,,,overdue,2026-07-10,41.0,0,4,6,0.919,6795.3,occasional_failure,False,False,True,usually_needs_reminder,True,recovered,823.58,True,paid_after_reminder_or_link,train
CASE00493,TXN000493,CUST00024,invoice_overdue,overdue_receivable,78831.76,78831.76,2026-08-20 00:00:00,UPI,overdue,,,,,,overdue,2026-07-23,28.0,0,1,21,0.827,250073.86,reliable,False,False,True,usually_recovers_via_retry,True,recovered,71692.97,True,paid_after_reminder_or_link,train
CASE00494,TXN000494,CUST00274,subscription_renewal_failed,failed_subscription,258.27,258.27,2026-06-16 08:00:00,UPI,failed_recurring,UPI timeout,,,failed,failed,,,,0,0,19,0.86,29005.04,reliable,False,False,True,usually_recovers_via_retry,True,recovered,258.27,True,retry_succeeded,validation
CASE00495,TXN000495,CUST00190,payment_success,successful,527.84,0.0,2026-08-02 07:00:00,Card,success,,True,True,,,,,,0,0,5,0.98,4084.9,occasional_failure,False,False,True,usually_needs_reminder,False,not_applicable,0.0,False,not_applicable,test
CASE00496,TXN000496,CUST00326,payment_success,successful,4301.14,0.0,2026-06-14 00:00:00,Netbanking,success,,True,True,,,,,,0,0,19,0.874,36148.44,reliable,False,False,True,usually_recovers_via_retry,False,not_applicable,0.0,False,not_applicable,train
CASE00497,TXN000497,CUST00020,payment_success,successful,7176.95,0.0,2026-06-04 22:00:00,Card,success,,True,True,,,,,,0,0,20,0.551,41564.41,reliable,False,False,True,usually_recovers_via_retry,False,not_applicable,0.0,False,not_applicable,test
CASE00498,TXN000498,CUST00327,payment_success,successful,1752.19,0.0,2026-07-01 18:00:00,UPI,success,,True,True,,,,,,0,0,23,0.818,172090.16,reliable,False,False,True,usually_recovers_via_retry,False,not_applicable,0.0,False,not_applicable,train
CASE00499,TXN000499,CUST00126,subscription_renewal_failed,failed_subscription,270.63,270.63,2026-07-16 21:00:00,Card,failed_recurring,authentication failure,,,failed,failed,,,,0,0,9,0.786,4842.38,occasional_failure,False,False,True,usually_needs_reminder,True,recovered,270.63,True,retry_succeeded,train
CASE00500,TXN000500,CUST00299,payment_failed,failed_payment,1666.19,1666.19,2026-07-26 01:00:00,Card,failed,insufficient funds,True,True,,,,,,0,0,20,0.827,53733.0,reliable,False,False,True,usually_recovers_via_retry,True,recovered,1666.19,True,retry_succeeded,train
CASE00501,TXN000501,CUST00288,payment_failed,failed_payment,2807.82,2807.82,2026-07-20 20:00:00,Card,failed,authentication failure,True,True,,,,,,0,1,2,0.733,6937.21,occasional_failure,False,False,True,usually_needs_reminder,True,recovered,2807.82,True,retry_succeeded,train
CASE00502,TXN000502,CUST00101,invoice_overdue,overdue_receivable,1911.23,1911.23,2026-08-20 00:00:00,UPI,overdue,,,,,,overdue,2026-06-13,68.0,0,0,9,0.489,4338.21,frequent_failure,False,False,True,rarely_recovers,True,recovered,1831.98,True,paid_after_reminder_or_link,test
CASE00503,TXN000503,CUST00197,subscription_renewal_failed,failed_subscription,864.38,864.38,2026-06-26 10:00:00,UPI,failed_recurring,insufficient funds,,,failed,active_pending_retry,,,,2,4,24,0.962,42906.6,reliable,False,False,True,usually_recovers_via_retry,True,recovered,864.38,True,retry_succeeded,train
CASE00504,TXN000504,CUST00379,checkout_abandoned,checkout_abandonment,1219.4,1219.4,2026-08-16 22:00:00,UPI,abandoned,,True,False,,,,,,0,1,5,0.839,7507.27,occasional_failure,False,False,True,usually_needs_reminder,True,recovered,1219.4,True,paid_after_reminder_or_link,train
CASE00505,TXN000505,CUST00276,payment_failed,failed_payment,517.16,517.16,2026-06-08 09:00:00,UPI,failed,insufficient funds,True,True,,,,,,0,0,2,0.847,13597.52,occasional_failure,False,False,True,usually_needs_reminder,True,recovered,517.16,True,retry_succeeded,train
CASE00506,TXN000506,CUST00030,payment_success,successful,537.03,0.0,2026-08-15 08:00:00,Wallet,success,,True,True,,,,,,0,0,15,0.972,21770.43,reliable,False,False,True,usually_recovers_via_retry,False,not_applicable,0.0,False,not_applicable,train
CASE00507,TXN000507,CUST00198,payment_success,successful,11469.71,0.0,2026-07-26 14:00:00,Card,success,,True,True,,,,,,0,0,26,0.854,164877.43,reliable,False,False,True,usually_recovers_via_retry,False,not_applicable,0.0,False,not_applicable,train
CASE00508,TXN000508,CUST00138,payment_failed,failed_payment,514.6,514.6,2026-06-18 12:00:00,UPI,failed,UPI timeout,True,True,,,,,,2,2,3,0.825,4864.77,occasional_failure,False,False,True,usually_needs_reminder,True,recovered,514.6,True,retry_succeeded,test
CASE00509,TXN000509,CUST00296,payment_success,successful,813.52,0.0,2026-08-15 17:00:00,UPI,success,,True,True,,,,,,0,0,8,0.233,1148.42,frequent_failure,False,False,True,rarely_recovers,False,not_applicable,0.0,False,not_applicable,train
CASE00510,TXN000510,CUST00280,invoice_overdue,overdue_receivable,8251.68,8251.68,2026-08-20 00:00:00,Card,overdue,,,,,,overdue,2026-08-18,2.0,0,0,24,0.784,161840.74,reliable,False,False,True,usually_recovers_via_retry,True,recovered,5908.3,True,paid_after_reminder_or_link,validation
CASE00511,TXN000511,CUST00004,payment_failed,failed_payment,1115.93,1115.93,2026-07-25 20:00:00,UPI,failed,UPI timeout,True,True,,,,,,1,1,19,0.737,40760.61,reliable,False,False,True,usually_recovers_via_retry,True,recovered,1115.93,True,retry_succeeded,validation
CASE00512,TXN000512,CUST00277,subscription_renewal_failed,failed_subscription,1035.64,1035.64,2026-07-21 00:00:00,EMI,failed_recurring,authentication failure,,,failed,active_pending_retry,,,,0,0,4,0.872,12286.2,occasional_failure,False,False,True,usually_needs_reminder,True,recovered,1035.64,True,retry_succeeded,test
CASE00513,TXN000513,CUST00336,payment_success,successful,1806.02,0.0,2026-08-08 01:00:00,EMI,success,,True,True,,,,,,0,0,12,0.967,47171.26,reliable,False,False,True,usually_recovers_via_retry,False,not_applicable,0.0,False,not_applicable,train
CASE00514,TXN000514,CUST00350,checkout_abandoned,checkout_abandonment,1405.21,1405.21,2026-07-08 09:00:00,Card,abandoned,,True,False,,,,,,0,0,2,0.496,2216.88,new,False,False,True,new_customer,True,recovered,1405.21,True,paid_after_reminder_or_link,validation
CASE00515,TXN000515,CUST00024,payment_success,successful,5288.74,0.0,2026-06-17 13:00:00,Card,success,,True,True,,,,,,0,0,21,0.827,250073.86,reliable,False,False,True,usually_recovers_via_retry,False,not_applicable,0.0,False,not_applicable,train
CASE00516,TXN000516,CUST00134,payment_success,successful,4700.32,0.0,2026-07-26 17:00:00,Card,success,,True,True,,,,,,0,0,7,0.694,9321.28,occasional_failure,False,False,True,usually_needs_reminder,False,not_applicable,0.0,False,not_applicable,validation
CASE00517,TXN000517,CUST00186,payment_success,successful,716.95,0.0,2026-06-13 14:00:00,UPI,success,,True,True,,,,,,0,0,18,0.967,20572.97,reliable,False,False,True,usually_recovers_via_retry,False,not_applicable,0.0,False,not_applicable,test
CASE00518,TXN000518,CUST00078,payment_success,successful,6943.63,0.0,2026-05-24 09:00:00,UPI,success,,True,True,,,,,,0,0,19,0.858,59850.47,reliable,False,False,True,usually_recovers_via_retry,False,not_applicable,0.0,False,not_applicable,validation
CASE00519,TXN000519,CUST00186,payment_success,successful,455.13,0.0,2026-08-19 02:00:00,UPI,success,,True,True,,,,,,0,0,18,0.967,20572.97,reliable,False,False,True,usually_recovers_via_retry,False,not_applicable,0.0,False,not_applicable,test
CASE00520,TXN000520,CUST00030,payment_success,successful,703.47,0.0,2026-08-10 00:00:00,UPI,success,,True,True,,,,,,0,0,15,0.972,21770.43,reliable,False,False,True,usually_recovers_via_retry,False,not_applicable,0.0,False,not_applicable,train
CASE00521,TXN000521,CUST00049,checkout_abandoned,checkout_abandonment,22413.35,22413.35,2026-08-18 06:00:00,EMI,abandoned,,True,False,,,,,,0,0,18,0.886,57894.25,reliable,False,False,True,usually_recovers_via_retry,True,recovered,22413.35,True,paid_after_reminder_or_link,train
CASE00522,TXN000522,CUST00307,invoice_overdue,overdue_receivable,28110.25,28110.25,2026-08-20 00:00:00,UPI,overdue,,,,,,overdue,2026-07-19,32.0,0,0,2,0.803,13310.14,occasional_failure,False,False,True,usually_needs_reminder,True,recovered,14055.12,True,paid_after_reminder_or_link,train
CASE00523,TXN000523,CUST00116,subscription_renewal_failed,failed_subscription,1095.34,1095.34,2026-05-28 23:00:00,EMI,failed_recurring,insufficient funds,,,failed,failed,,,,1,2,21,0.926,90790.38,reliable,False,False,True,usually_recovers_via_retry,False,not_recovered,0.0,True,no_recovery_within_window,validation
CASE00524,TXN000524,CUST00327,payment_success,successful,1693.34,0.0,2026-08-10 06:00:00,UPI,success,,True,True,,,,,,0,0,23,0.818,172090.16,reliable,False,False,True,usually_recovers_via_retry,False,not_applicable,0.0,False,not_applicable,train
CASE00525,TXN000525,CUST00020,invoice_overdue,overdue_receivable,18272.93,18272.93,2026-08-20 00:00:00,UPI,overdue,,,,,,overdue,2026-08-19,1.0,0,0,20,0.551,41564.41,reliable,False,False,True,usually_recovers_via_retry,True,recovered,17601.16,True,paid_after_reminder_or_link,test
CASE00526,TXN000526,CUST00251,payment_success,successful,5551.84,0.0,2026-05-26 16:00:00,Card,success,,True,True,,,,,,0,0,20,0.787,28580.7,reliable,False,False,True,usually_recovers_via_retry,False,not_applicable,0.0,False,not_applicable,validation
CASE00527,TXN000527,CUST00174,subscription_renewal_failed,failed_subscription,640.34,640.34,2026-05-31 06:00:00,Netbanking,failed_recurring,network failure,,,failed,active_pending_retry,,,,1,1,6,0.698,3692.13,frequent_failure,True,False,False,rarely_recovers,False,not_recovered,0.0,True,opted_out_no_contact_possible,validation
CASE00528,TXN000528,CUST00360,invoice_overdue,overdue_receivable,20860.02,20860.02,2026-08-20 00:00:00,UPI,overdue,,,,,,overdue,2026-07-23,28.0,0,0,18,0.774,51280.42,reliable,False,False,True,usually_recovers_via_retry,True,recovered,17397.0,True,paid_after_reminder_or_link,validation
CASE00529,TXN000529,CUST00356,checkout_abandoned,checkout_abandonment,1104.64,1104.64,2026-08-04 07:00:00,Netbanking,abandoned,,True,False,,,,,,0,0,5,0.612,5488.47,occasional_failure,False,False,True,usually_needs_reminder,True,recovered,1104.64,True,paid_after_reminder_or_link,train
CASE00530,TXN000530,CUST00167,invoice_overdue,overdue_receivable,118964.01,118964.01,2026-08-20 00:00:00,Wallet,overdue,,,,,,overdue,2026-08-18,2.0,0,2,22,0.902,299943.68,reliable,False,False,True,usually_recovers_via_retry,False,not_recovered,0.0,True,no_recovery_within_window,train
CASE00531,TXN000531,CUST00285,payment_failed,failed_payment,4955.16,4955.16,2026-07-14 17:00:00,UPI,failed,UPI timeout,True,True,,,,,,3,3,16,0.803,53734.55,reliable,False,False,True,usually_recovers_via_retry,True,recovered,4955.16,True,retry_succeeded,train
CASE00532,TXN000532,CUST00101,checkout_abandoned,checkout_abandonment,3073.83,3073.83,2026-08-13 11:00:00,UPI,abandoned,,True,False,,,,,,0,0,9,0.489,4338.21,frequent_failure,False,False,True,rarely_recovers,True,recovered,3073.83,True,paid_after_reminder_or_link,test
CASE00533,TXN000533,CUST00260,payment_success,successful,1235.28,0.0,2026-06-08 08:00:00,UPI,success,,True,True,,,,,,0,0,14,0.89,27974.34,reliable,False,False,True,usually_recovers_via_retry,False,not_applicable,0.0,False,not_applicable,train
CASE00534,TXN000534,CUST00034,payment_success,successful,1147.35,0.0,2026-06-12 22:00:00,UPI,success,,True,True,,,,,,0,0,7,0.734,14901.29,occasional_failure,True,True,False,usually_needs_reminder,False,not_applicable,0.0,False,not_applicable,train
CASE00535,TXN000535,CUST00194,invoice_overdue,overdue_receivable,15322.93,15322.93,2026-08-20 00:00:00,Card,overdue,,,,,,overdue,2026-07-15,36.0,0,0,25,0.754,72798.02,reliable,False,False,True,usually_recovers_via_retry,True,recovered,14493.11,True,paid_after_reminder_or_link,train
CASE00536,TXN000536,CUST00079,payment_success,successful,2270.35,0.0,2026-06-10 13:00:00,Card,success,,True,True,,,,,,0,0,16,0.95,37438.78,reliable,False,False,True,usually_recovers_via_retry,False,not_applicable,0.0,False,not_applicable,train
CASE00537,TXN000537,CUST00398,subscription_renewal_failed,failed_subscription,203.68,203.68,2026-06-20 11:00:00,Wallet,failed_recurring,network failure,,,failed,failed,,,,0,1,8,0.568,5181.79,occasional_failure,False,False,True,usually_needs_reminder,True,recovered,203.68,True,retry_succeeded,train
CASE00538,TXN000538,CUST00198,invoice_overdue,overdue_receivable,12538.67,12538.67,2026-08-20 00:00:00,Wallet,overdue,,,,,,overdue,2026-07-24,27.0,0,0,26,0.854,164877.43,reliable,False,False,True,usually_recovers_via_retry,True,recovered,10444.46,True,paid_after_reminder_or_link,train
CASE00539,TXN000539,CUST00267,checkout_abandoned,checkout_abandonment,1331.66,1331.66,2026-07-21 08:00:00,UPI,abandoned,,True,False,,,,,,0,0,4,0.8,3515.7,occasional_failure,False,False,True,usually_needs_reminder,True,recovered,1331.66,True,paid_after_reminder_or_link,validation
CASE00540,TXN000540,CUST00159,payment_success,successful,4457.58,0.0,2026-07-04 23:00:00,Card,success,,True,True,,,,,,0,0,16,0.911,56783.68,reliable,False,False,True,usually_recovers_via_retry,False,not_applicable,0.0,False,not_applicable,train
CASE00541,TXN000541,CUST00127,checkout_abandoned,checkout_abandonment,2148.02,2148.02,2026-05-23 15:00:00,Card,abandoned,,True,False,,,,,,0,1,4,0.675,13917.56,occasional_failure,False,False,True,usually_needs_reminder,False,not_recovered,0.0,True,no_recovery_within_window,test
CASE00542,TXN000542,CUST00088,subscription_renewal_failed,failed_subscription,510.37,510.37,2026-08-03 23:00:00,Card,failed_recurring,insufficient funds,,,failed,failed,,,,0,1,3,0.777,13492.01,occasional_failure,True,False,False,usually_needs_reminder,False,not_recovered,0.0,True,opted_out_no_contact_possible,train
CASE00543,TXN000543,CUST00411,payment_failed,failed_payment,1274.27,1274.27,2026-05-24 08:00:00,Card,failed,authentication failure,True,True,,,,,,0,1,21,0.884,25153.71,reliable,False,False,True,usually_recovers_via_retry,True,recovered,1274.27,True,retry_succeeded,train
CASE00544,TXN000544,CUST00361,payment_failed,failed_payment,1892.26,1892.26,2026-06-10 01:00:00,Netbanking,failed,network failure,True,True,,,,,,2,2,6,0.171,6107.95,frequent_failure,False,False,True,rarely_recovers,False,not_recovered,0.0,True,no_recovery_within_window,train
CASE00545,TXN000545,CUST00058,payment_success,successful,2405.16,0.0,2026-08-17 06:00:00,Card,success,,True,True,,,,,,0,0,15,0.906,39393.56,reliable,False,False,True,usually_recovers_via_retry,False,not_applicable,0.0,False,not_applicable,test
CASE00546,TXN000546,CUST00342,payment_failed,failed_payment,1732.42,1732.42,2026-08-16 06:00:00,Card,failed,authentication failure,True,True,,,,,,1,3,5,0.456,5934.37,frequent_failure,False,False,True,rarely_recovers,True,recovered,1732.42,True,retry_succeeded,train
CASE00547,TXN000547,CUST00186,payment_success,successful,1478.26,0.0,2026-08-06 16:00:00,EMI,success,,True,True,,,,,,0,0,18,0.967,20572.97,reliable,False,False,True,usually_recovers_via_retry,False,not_applicable,0.0,False,not_applicable,test
CASE00548,TXN000548,CUST00007,payment_success,successful,1374.19,0.0,2026-05-24 13:00:00,Card,success,,True,True,,,,,,0,0,21,0.719,42037.82,reliable,False,False,True,usually_recovers_via_retry,False,not_applicable,0.0,False,not_applicable,train
CASE00549,TXN000549,CUST00237,invoice_overdue,overdue_receivable,7248.82,7248.82,2026-08-20 00:00:00,Card,overdue,,,,,,overdue,2026-06-28,53.0,0,1,3,0.887,6085.81,occasional_failure,False,False,True,usually_needs_reminder,False,not_recovered,0.0,True,no_recovery_within_window,train
CASE00550,TXN000550,CUST00056,payment_success,successful,5620.24,0.0,2026-07-28 11:00:00,Card,success,,True,True,,,,,,0,0,24,0.936,20661.32,reliable,False,False,True,usually_recovers_via_retry,False,not_applicable,0.0,False,not_applicable,train
CASE00551,TXN000551,CUST00092,payment_success,successful,1279.31,0.0,2026-07-19 11:00:00,Netbanking,success,,True,True,,,,,,0,0,16,0.971,17692.1,reliable,False,False,True,usually_recovers_via_retry,False,not_applicable,0.0,False,not_applicable,train
CASE00552,TXN000552,CUST00321,invoice_overdue,overdue_receivable,3181.15,3181.15,2026-08-20 00:00:00,Netbanking,overdue,,,,,,overdue,2026-06-18,63.0,0,1,3,0.208,6994.9,frequent_failure,False,False,True,rarely_recovers,True,recovered,2953.44,True,paid_after_reminder_or_link,validation
CASE00553,TXN000553,CUST00114,payment_success,successful,328.15,0.0,2026-06-12 13:00:00,Card,success,,True,True,,,,,,0,0,15,0.89,26462.78,reliable,False,False,True,usually_recovers_via_retry,False,not_applicable,0.0,False,not_applicable,train
CASE00554,TXN000554,CUST00402,payment_success,successful,906.34,0.0,2026-06-21 16:00:00,Card,success,,True,True,,,,,,0,0,5,0.382,9265.57,frequent_failure,False,False,True,rarely_recovers,False,not_applicable,0.0,False,not_applicable,train
CASE00555,TXN000555,CUST00301,payment_success,successful,742.47,0.0,2026-06-08 15:00:00,UPI,success,,True,True,,,,,,0,0,21,0.924,56181.23,reliable,False,False,True,usually_recovers_via_retry,False,not_applicable,0.0,False,not_applicable,validation
CASE00556,TXN000556,CUST00377,invoice_overdue,overdue_receivable,27436.57,27436.57,2026-08-20 00:00:00,Card,overdue,,,,,,overdue,2026-08-18,2.0,0,0,6,0.443,8578.18,frequent_failure,False,False,True,rarely_recovers,True,recovered,16943.51,True,paid_after_reminder_or_link,train
CASE00557,TXN000557,CUST00280,checkout_abandoned,checkout_abandonment,235.49,235.49,2026-05-26 06:00:00,UPI,abandoned,,True,False,,,,,,0,0,24,0.784,161840.74,reliable,False,False,True,usually_recovers_via_retry,True,recovered,235.49,True,paid_after_reminder_or_link,validation
CASE00558,TXN000558,CUST00391,payment_success,successful,5677.06,0.0,2026-07-26 13:00:00,Card,success,,True,True,,,,,,0,0,17,0.893,45662.53,reliable,False,False,True,usually_recovers_via_retry,False,not_applicable,0.0,False,not_applicable,validation
CASE00559,TXN000559,CUST00160,payment_success,successful,6137.25,0.0,2026-05-27 06:00:00,Card,success,,True,True,,,,,,0,0,16,0.909,49509.4,reliable,False,False,True,usually_recovers_via_retry,False,not_applicable,0.0,False,not_applicable,validation
CASE00560,TXN000560,CUST00246,checkout_abandoned,checkout_abandonment,4308.96,4308.96,2026-07-26 12:00:00,UPI,abandoned,,True,False,,,,,,0,0,24,0.832,215627.56,reliable,False,False,True,usually_recovers_via_retry,True,recovered,4308.96,True,paid_after_reminder_or_link,train
CASE00561,TXN000561,CUST00232,payment_failed,failed_payment,495.94,495.94,2026-07-07 07:00:00,Wallet,failed,insufficient funds,True,True,,,,,,0,0,7,0.702,4790.73,occasional_failure,False,False,True,usually_needs_reminder,True,recovered,495.94,True,retry_succeeded,train
CASE00562,TXN000562,CUST00407,payment_failed,failed_payment,202.47,202.47,2026-07-21 18:00:00,UPI,failed,network failure,True,True,,,,,,2,2,6,0.799,8332.39,occasional_failure,False,False,True,usually_needs_reminder,False,not_recovered,0.0,True,no_recovery_within_window,train
CASE00563,TXN000563,CUST00070,payment_success,successful,272.87,0.0,2026-07-16 01:00:00,UPI,success,,True,True,,,,,,0,0,7,0.556,4031.79,occasional_failure,False,False,True,usually_needs_reminder,False,not_applicable,0.0,False,not_applicable,test
CASE00564,TXN000564,CUST00260,subscription_renewal_failed,failed_subscription,466.89,466.89,2026-08-01 19:00:00,UPI,failed_recurring,UPI timeout,,,failed,active_pending_retry,,,,0,1,14,0.89,27974.34,reliable,False,False,True,usually_recovers_via_retry,True,recovered,466.89,True,retry_succeeded,train
CASE00565,TXN000565,CUST00345,payment_success,successful,618.72,0.0,2026-08-06 00:00:00,Card,success,,True,True,,,,,,0,0,16,0.989,21087.69,reliable,False,False,True,usually_recovers_via_retry,False,not_applicable,0.0,False,not_applicable,train
CASE00566,TXN000566,CUST00165,payment_success,successful,1005.82,0.0,2026-06-16 11:00:00,UPI,success,,True,True,,,,,,0,0,13,0.847,56831.95,reliable,False,False,True,usually_recovers_via_retry,False,not_applicable,0.0,False,not_applicable,validation
CASE00567,TXN000567,CUST00391,checkout_abandoned,checkout_abandonment,540.3,540.3,2026-05-26 01:00:00,UPI,abandoned,,True,False,,,,,,0,0,17,0.893,45662.53,reliable,False,False,True,usually_recovers_via_retry,True,recovered,540.3,True,paid_after_reminder_or_link,validation
CASE00568,TXN000568,CUST00165,invoice_overdue,overdue_receivable,4250.52,4250.52,2026-08-20 00:00:00,Card,overdue,,,,,,overdue,2026-07-09,42.0,0,1,13,0.847,56831.95,reliable,False,False,True,usually_recovers_via_retry,False,not_recovered,0.0,True,no_recovery_within_window,validation
CASE00569,TXN000569,CUST00076,invoice_overdue,overdue_receivable,6286.31,6286.31,2026-08-20 00:00:00,Wallet,overdue,,,,,,overdue,2026-08-07,13.0,0,1,4,0.575,13323.38,occasional_failure,False,False,True,usually_needs_reminder,True,recovered,3161.65,True,paid_after_reminder_or_link,train
CASE00570,TXN000570,CUST00262,payment_success,successful,1417.04,0.0,2026-06-26 22:00:00,UPI,success,,True,True,,,,,,0,0,32,0.863,86276.96,reliable,False,False,True,usually_recovers_via_retry,False,not_applicable,0.0,False,not_applicable,train
CASE00571,TXN000571,CUST00186,invoice_overdue,overdue_receivable,32601.68,32601.68,2026-08-20 00:00:00,UPI,overdue,,,,,,overdue,2026-08-12,8.0,0,1,18,0.967,20572.97,reliable,False,False,True,usually_recovers_via_retry,True,recovered,26491.26,True,paid_after_reminder_or_link,test
CASE00572,TXN000572,CUST00006,checkout_abandoned,checkout_abandonment,638.66,638.66,2026-06-18 20:00:00,Card,abandoned,,True,False,,,,,,0,1,10,0.415,4007.17,frequent_failure,False,False,True,rarely_recovers,True,recovered,638.66,True,paid_after_reminder_or_link,train
CASE00573,TXN000573,CUST00030,payment_failed,failed_payment,1918.75,1918.75,2026-07-09 20:00:00,Card,failed,authentication failure,True,True,,,,,,2,2,15,0.972,21770.43,reliable,False,False,True,usually_recovers_via_retry,False,not_recovered,0.0,True,no_recovery_within_window,train
CASE00574,TXN000574,CUST00083,payment_success,successful,4611.98,0.0,2026-06-04 00:00:00,Wallet,success,,True,True,,,,,,0,0,29,0.751,72618.24,reliable,False,False,True,usually_recovers_via_retry,False,not_applicable,0.0,False,not_applicable,train
CASE00575,TXN000575,CUST00351,payment_success,successful,594.61,0.0,2026-08-10 12:00:00,UPI,success,,True,True,,,,,,0,0,20,0.919,47754.32,reliable,False,False,True,usually_recovers_via_retry,False,not_applicable,0.0,False,not_applicable,validation
CASE00576,TXN000576,CUST00402,payment_success,successful,953.58,0.0,2026-07-15 12:00:00,Netbanking,success,,True,True,,,,,,0,0,5,0.382,9265.57,frequent_failure,False,False,True,rarely_recovers,False,not_applicable,0.0,False,not_applicable,train
CASE00577,TXN000577,CUST00245,payment_failed,failed_payment,1150.73,1150.73,2026-06-05 16:00:00,Wallet,failed,bank decline,True,True,,,,,,1,2,20,0.916,56592.62,reliable,False,False,True,usually_recovers_via_retry,False,not_recovered,0.0,True,no_recovery_within_window,train
CASE00578,TXN000578,CUST00046,invoice_overdue,overdue_receivable,42779.0,42779.0,2026-08-20 00:00:00,Wallet,overdue,,,,,,overdue,2026-07-21,30.0,0,1,30,0.931,242403.59,reliable,False,False,True,usually_recovers_via_retry,True,recovered,41897.14,True,paid_after_reminder_or_link,train
CASE00579,TXN000579,CUST00240,checkout_abandoned,checkout_abandonment,1531.44,1531.44,2026-07-04 21:00:00,Card,abandoned,,True,False,,,,,,0,1,0,0.614,2477.16,new,False,False,True,new_customer,True,recovered,1531.44,True,paid_after_reminder_or_link,train
CASE00580,TXN000580,CUST00386,subscription_renewal_failed,failed_subscription,262.97,262.97,2026-07-25 09:00:00,UPI,failed_recurring,UPI timeout,,,failed,failed,,,,3,3,6,0.245,8456.47,frequent_failure,False,False,True,rarely_recovers,False,not_recovered,0.0,True,exceeded_retry_limit_unrecovered,train
CASE00581,TXN000581,CUST00343,checkout_abandoned,checkout_abandonment,2561.78,2561.78,2026-07-10 19:00:00,Card,abandoned,,True,False,,,,,,0,1,18,0.884,251152.0,reliable,False,False,True,usually_recovers_via_retry,True,recovered,2561.78,True,paid_after_reminder_or_link,train
CASE00582,TXN000582,CUST00129,checkout_abandoned,checkout_abandonment,899.24,899.24,2026-07-15 14:00:00,UPI,abandoned,,True,False,,,,,,0,1,1,0.545,1602.41,new,False,False,True,new_customer,True,recovered,899.24,True,paid_after_reminder_or_link,train
CASE00583,TXN000583,CUST00055,payment_failed,failed_payment,1153.45,1153.45,2026-06-26 23:00:00,UPI,failed,UPI timeout,True,True,,,,,,1,1,20,0.86,40281.85,reliable,False,False,True,usually_recovers_via_retry,True,recovered,1153.45,True,retry_succeeded,validation
CASE00584,TXN000584,CUST00406,subscription_renewal_failed,failed_subscription,2294.08,2294.08,2026-05-31 06:00:00,Netbanking,failed_recurring,network failure,,,failed,failed,,,,0,1,34,0.817,265578.04,reliable,False,False,True,usually_recovers_via_retry,True,recovered,2294.08,True,retry_succeeded,train
CASE00585,TXN000585,CUST00386,invoice_overdue,overdue_receivable,31630.19,31630.19,2026-08-20 00:00:00,Card,overdue,,,,,,overdue,2026-07-12,39.0,0,0,6,0.245,8456.47,frequent_failure,False,False,True,rarely_recovers,True,recovered,29080.54,True,paid_after_reminder_or_link,train
CASE00586,TXN000586,CUST00022,payment_success,successful,1893.2,0.0,2026-08-03 12:00:00,Netbanking,success,,True,True,,,,,,0,0,6,0.767,3806.0,occasional_failure,False,True,False,usually_needs_reminder,False,not_applicable,0.0,False,not_applicable,train
CASE00587,TXN000587,CUST00372,payment_success,successful,1877.14,0.0,2026-06-06 20:00:00,Card,success,,True,True,,,,,,0,0,9,0.652,13080.68,occasional_failure,False,False,True,usually_needs_reminder,False,not_applicable,0.0,False,not_applicable,test
CASE00588,TXN000588,CUST00043,invoice_overdue,overdue_receivable,8231.8,8231.8,2026-08-20 00:00:00,Card,overdue,,,,,,overdue,2026-08-03,17.0,0,2,15,0.95,23359.48,reliable,False,False,True,usually_recovers_via_retry,True,recovered,4115.9,True,paid_after_reminder_or_link,test
CASE00589,TXN000589,CUST00025,payment_success,successful,1003.13,0.0,2026-08-08 00:00:00,UPI,success,,True,True,,,,,,0,0,20,0.933,19585.24,reliable,False,False,True,usually_recovers_via_retry,False,not_applicable,0.0,False,not_applicable,train
CASE00590,TXN000590,CUST00346,payment_success,successful,4264.22,0.0,2026-08-17 20:00:00,Card,success,,True,True,,,,,,0,0,15,0.954,39622.48,reliable,False,False,True,usually_recovers_via_retry,False,not_applicable,0.0,False,not_applicable,train
CASE00591,TXN000591,CUST00241,subscription_renewal_failed,failed_subscription,490.39,490.39,2026-05-27 19:00:00,Wallet,failed_recurring,network failure,,,failed,active_pending_retry,,,,0,2,26,0.861,83539.16,reliable,False,False,True,usually_recovers_via_retry,True,recovered,490.39,True,retry_succeeded,test
CASE00592,TXN000592,CUST00184,invoice_overdue,overdue_receivable,3636.19,3636.19,2026-08-20 00:00:00,UPI,overdue,,,,,,overdue,2026-06-02,79.0,0,0,4,0.844,4487.11,occasional_failure,False,False,True,usually_needs_reminder,True,recovered,3141.64,True,paid_after_reminder_or_link,train
CASE00593,TXN000593,CUST00407,payment_failed,failed_payment,2805.33,2805.33,2026-06-06 07:00:00,Netbanking,failed,network failure,True,True,,,,,,0,1,6,0.799,8332.39,occasional_failure,False,False,True,usually_needs_reminder,False,not_recovered,0.0,True,no_recovery_within_window,train
CASE00594,TXN000594,CUST00380,subscription_renewal_failed,failed_subscription,358.8,358.8,2026-08-14 14:00:00,Card,failed_recurring,insufficient funds,,,failed,failed,,,,2,4,16,0.846,39062.25,reliable,False,True,False,usually_recovers_via_retry,False,not_recovered,0.0,True,high_risk_flag_unrecovered,train
CASE00595,TXN000595,CUST00024,payment_success,successful,1986.6,0.0,2026-07-02 15:00:00,UPI,success,,True,True,,,,,,0,0,21,0.827,250073.86,reliable,False,False,True,usually_recovers_via_retry,False,not_applicable,0.0,False,not_applicable,train
CASE00596,TXN000596,CUST00281,payment_failed,failed_payment,1217.94,1217.94,2026-07-03 23:00:00,Netbanking,failed,insufficient funds,True,True,,,,,,3,4,0,0.574,2213.12,new,False,False,True,new_customer,True,recovered,1217.94,True,retry_succeeded,train
CASE00597,TXN000597,CUST00351,invoice_overdue,overdue_receivable,15223.64,15223.64,2026-08-20 00:00:00,Wallet,overdue,,,,,,overdue,2026-07-01,50.0,0,0,20,0.919,47754.32,reliable,False,False,True,usually_recovers_via_retry,True,recovered,7611.82,True,paid_after_reminder_or_link,validation
CASE00598,TXN000598,CUST00247,payment_failed,failed_payment,3521.3,3521.3,2026-07-02 11:00:00,Card,failed,insufficient funds,True,True,,,,,,0,1,18,0.904,34885.55,reliable,False,False,True,usually_recovers_via_retry,True,recovered,3521.3,True,retry_succeeded,train
CASE00599,TXN000599,CUST00444,payment_success,successful,6379.72,0.0,2026-06-15 04:00:00,UPI,success,,True,True,,,,,,0,0,0,0.628,1063.81,new,False,False,True,new_customer,False,not_applicable,0.0,False,not_applicable,train
CASE00600,TXN000600,CUST00317,payment_success,successful,417.58,0.0,2026-08-15 20:00:00,UPI,success,,True,True,,,,,,0,0,4,0.971,4060.68,occasional_failure,False,False,True,usually_needs_reminder,False,not_applicable,0.0,False,not_applicable,test
CASE00601,TXN000601,CUST00046,subscription_renewal_failed,failed_subscription,720.15,720.15,2026-07-28 14:00:00,UPI,failed_recurring,UPI timeout,,,failed,failed,,,,0,0,30,0.931,242403.59,reliable,False,False,True,usually_recovers_via_retry,True,recovered,720.15,True,retry_succeeded,train
CASE00602,TXN000602,CUST00086,payment_success,successful,2683.24,0.0,2026-08-19 18:00:00,UPI,success,,True,True,,,,,,0,0,0,0.884,2913.54,new,False,False,True,new_customer,False,not_applicable,0.0,False,not_applicable,train
CASE00603,TXN000603,CUST00373,payment_success,successful,1664.11,0.0,2026-06-28 02:00:00,UPI,success,,True,True,,,,,,0,0,5,0.797,4529.12,occasional_failure,False,False,True,usually_needs_reminder,False,not_applicable,0.0,False,not_applicable,test
CASE00604,TXN000604,CUST00450,subscription_renewal_failed,failed_subscription,324.79,324.79,2026-07-11 05:00:00,Card,failed_recurring,insufficient funds,,,failed,active_pending_retry,,,,0,0,17,0.946,42546.74,reliable,False,False,True,usually_recovers_via_retry,True,recovered,324.79,True,retry_succeeded,train
CASE00605,TXN000605,CUST00043,payment_success,successful,3591.73,0.0,2026-08-13 00:00:00,UPI,success,,True,True,,,,,,0,0,15,0.95,23359.48,reliable,False,False,True,usually_recovers_via_retry,False,not_applicable,0.0,False,not_applicable,test
CASE00606,TXN000606,CUST00044,checkout_abandoned,checkout_abandonment,569.85,569.85,2026-08-15 16:00:00,EMI,abandoned,,True,False,,,,,,0,1,2,0.672,4328.3,occasional_failure,False,False,True,usually_needs_reminder,True,recovered,569.85,True,paid_after_reminder_or_link,train
CASE00607,TXN000607,CUST00348,payment_success,successful,3429.18,0.0,2026-06-14 02:00:00,UPI,success,,True,True,,,,,,0,0,3,0.918,8408.32,occasional_failure,False,False,True,usually_needs_reminder,False,not_applicable,0.0,False,not_applicable,train
CASE00608,TXN000608,CUST00026,payment_success,successful,3606.61,0.0,2026-07-15 20:00:00,UPI,success,,True,True,,,,,,0,0,0,0.918,602.7,new,False,False,True,new_customer,False,not_applicable,0.0,False,not_applicable,train
CASE00609,TXN000609,CUST00030,payment_success,successful,1478.57,0.0,2026-07-11 20:00:00,Card,success,,True,True,,,,,,0,0,15,0.972,21770.43,reliable,False,False,True,usually_recovers_via_retry,False,not_applicable,0.0,False,not_applicable,train
CASE00610,TXN000610,CUST00401,checkout_abandoned,checkout_abandonment,1621.18,1621.18,2026-07-09 15:00:00,Card,abandoned,,True,False,,,,,,0,1,4,0.913,10782.15,occasional_failure,False,False,True,usually_needs_reminder,True,recovered,1621.18,True,paid_after_reminder_or_link,train
CASE00611,TXN000611,CUST00362,checkout_abandoned,checkout_abandonment,2368.11,2368.11,2026-05-23 03:00:00,Netbanking,abandoned,,True,False,,,,,,0,1,0,0.194,1336.16,new,False,False,True,new_customer,False,not_recovered,0.0,True,no_recovery_within_window,train
CASE00612,TXN000612,CUST00397,invoice_overdue,overdue_receivable,8193.56,8193.56,2026-08-20 00:00:00,Wallet,overdue,,,,,,overdue,2026-08-19,1.0,0,1,30,0.836,263966.05,reliable,False,False,True,usually_recovers_via_retry,True,recovered,6873.98,True,paid_after_reminder_or_link,train
CASE00613,TXN000613,CUST00299,checkout_abandoned,checkout_abandonment,1643.79,1643.79,2026-06-14 19:00:00,Card,abandoned,,True,False,,,,,,0,1,20,0.827,53733.0,reliable,False,False,True,usually_recovers_via_retry,True,recovered,1643.79,True,paid_after_reminder_or_link,train
CASE00614,TXN000614,CUST00143,invoice_overdue,overdue_receivable,3514.62,3514.62,2026-08-20 00:00:00,UPI,overdue,,,,,,overdue,2026-07-10,41.0,0,0,7,0.339,5952.91,frequent_failure,True,False,False,rarely_recovers,False,not_recovered,0.0,True,opted_out_no_contact_possible,train
CASE00615,TXN000615,CUST00408,subscription_renewal_failed,failed_subscription,1980.77,1980.77,2026-08-12 07:00:00,Card,failed_recurring,insufficient funds,,,failed,active_pending_retry,,,,0,1,19,0.906,250458.66,reliable,False,False,True,usually_recovers_via_retry,True,recovered,1980.77,True,retry_succeeded,train
CASE00616,TXN000616,CUST00132,payment_success,successful,814.6,0.0,2026-07-22 05:00:00,Card,success,,True,True,,,,,,0,0,5,0.396,1289.34,frequent_failure,False,False,True,rarely_recovers,False,not_applicable,0.0,False,not_applicable,train
CASE00617,TXN000617,CUST00120,payment_success,successful,1324.55,0.0,2026-06-15 19:00:00,Card,success,,True,True,,,,,,0,0,22,0.835,30158.54,reliable,False,False,True,usually_recovers_via_retry,False,not_applicable,0.0,False,not_applicable,train
CASE00618,TXN000618,CUST00399,payment_failed,failed_payment,4647.61,4647.61,2026-07-16 19:00:00,Card,failed,insufficient funds,True,True,,,,,,1,1,8,0.623,11102.05,occasional_failure,False,False,True,usually_needs_reminder,False,not_recovered,0.0,True,no_recovery_within_window,train
CASE00619,TXN000619,CUST00314,payment_success,successful,3395.67,0.0,2026-07-31 10:00:00,UPI,success,,True,True,,,,,,0,0,11,0.953,11515.43,occasional_failure,False,False,True,usually_needs_reminder,False,not_applicable,0.0,False,not_applicable,train
CASE00620,TXN000620,CUST00403,payment_success,successful,4548.84,0.0,2026-08-03 15:00:00,UPI,success,,True,True,,,,,,0,0,18,0.916,40843.38,reliable,False,False,True,usually_recovers_via_retry,False,not_applicable,0.0,False,not_applicable,train
CASE00621,TXN000621,CUST00066,payment_success,successful,1381.72,0.0,2026-08-14 07:00:00,Card,success,,True,True,,,,,,0,0,16,0.893,50435.87,reliable,False,False,True,usually_recovers_via_retry,False,not_applicable,0.0,False,not_applicable,train
CASE00622,TXN000622,CUST00431,payment_failed,failed_payment,2331.64,2331.64,2026-08-16 14:00:00,Netbanking,failed,network failure,True,True,,,,,,2,3,8,0.398,6679.25,frequent_failure,False,False,True,rarely_recovers,False,not_recovered,0.0,True,no_recovery_within_window,train
CASE00623,TXN000623,CUST00279,invoice_overdue,overdue_receivable,35530.82,35530.82,2026-08-20 00:00:00,UPI,overdue,,,,,,overdue,2026-08-19,1.0,0,0,22,0.796,226570.8,reliable,False,False,True,usually_recovers_via_retry,False,not_recovered,0.0,True,no_recovery_within_window,train
CASE00624,TXN000624,CUST00307,subscription_renewal_failed,failed_subscription,323.27,323.27,2026-08-03 15:00:00,Netbanking,failed_recurring,bank decline,,,failed,failed,,,,0,1,2,0.803,13310.14,occasional_failure,False,False,True,usually_needs_reminder,True,recovered,323.27,True,retry_succeeded,train
CASE00625,TXN000625,CUST00411,payment_success,successful,4548.78,0.0,2026-08-02 19:00:00,Card,success,,True,True,,,,,,0,0,21,0.884,25153.71,reliable,False,False,True,usually_recovers_via_retry,False,not_applicable,0.0,False,not_applicable,train
CASE00626,TXN000626,CUST00169,checkout_abandoned,checkout_abandonment,6081.34,6081.34,2026-07-14 00:00:00,Card,abandoned,,True,False,,,,,,0,0,4,0.728,7068.19,occasional_failure,False,False,True,usually_needs_reminder,True,recovered,6081.34,True,paid_after_reminder_or_link,train
CASE00627,TXN000627,CUST00330,payment_failed,failed_payment,6081.43,6081.43,2026-06-07 19:00:00,Netbanking,failed,bank decline,True,True,,,,,,0,1,6,0.717,4720.2,occasional_failure,False,False,True,usually_needs_reminder,True,recovered,6081.43,True,retry_succeeded,train
CASE00628,TXN000628,CUST00296,checkout_abandoned,checkout_abandonment,1432.56,1432.56,2026-07-16 15:00:00,Netbanking,abandoned,,True,False,,,,,,0,0,8,0.233,1148.42,frequent_failure,False,False,True,rarely_recovers,True,recovered,1432.56,True,paid_after_reminder_or_link,train
CASE00629,TXN000629,CUST00357,payment_success,successful,165.92,0.0,2026-06-13 21:00:00,Card,success,,True,True,,,,,,0,0,23,0.925,39141.89,reliable,False,False,True,usually_recovers_via_retry,False,not_applicable,0.0,False,not_applicable,train
CASE00630,TXN000630,CUST00404,payment_success,successful,2574.48,0.0,2026-07-28 10:00:00,UPI,success,,True,True,,,,,,0,0,1,0.671,1350.86,new,False,False,True,new_customer,False,not_applicable,0.0,False,not_applicable,train
CASE00631,TXN000631,CUST00313,payment_failed,failed_payment,2145.47,2145.47,2026-07-24 23:00:00,Card,failed,insufficient funds,True,True,,,,,,1,1,0,0.579,2668.99,new,False,False,True,new_customer,True,recovered,2145.47,True,retry_succeeded,validation
CASE00632,TXN000632,CUST00029,payment_success,successful,800.01,0.0,2026-05-28 05:00:00,Netbanking,success,,True,True,,,,,,0,0,0,0.448,1106.21,new,False,False,True,new_customer,False,not_applicable,0.0,False,not_applicable,validation
CASE00633,TXN000633,CUST00079,payment_failed,failed_payment,497.55,497.55,2026-08-06 05:00:00,UPI,failed,UPI timeout,True,True,,,,,,1,1,16,0.95,37438.78,reliable,False,False,True,usually_recovers_via_retry,False,not_recovered,0.0,True,no_recovery_within_window,train
CASE00634,TXN000634,CUST00431,payment_failed,failed_payment,1479.46,1479.46,2026-07-19 19:00:00,UPI,failed,UPI timeout,True,True,,,,,,3,4,8,0.398,6679.25,frequent_failure,False,False,True,rarely_recovers,False,not_recovered,0.0,True,exceeded_retry_limit_unrecovered,train
CASE00635,TXN000635,CUST00439,payment_success,successful,1502.91,0.0,2026-07-20 11:00:00,UPI,success,,True,True,,,,,,0,0,16,0.868,16973.62,reliable,False,False,True,usually_recovers_via_retry,False,not_applicable,0.0,False,not_applicable,train
CASE00636,TXN000636,CUST00438,subscription_renewal_failed,failed_subscription,273.89,273.89,2026-08-11 19:00:00,Card,failed_recurring,authentication failure,,,failed,active_pending_retry,,,,0,1,1,0.877,5682.53,occasional_failure,False,False,True,usually_needs_reminder,True,recovered,273.89,True,retry_succeeded,train
CASE00637,TXN000637,CUST00015,payment_failed,failed_payment,898.74,898.74,2026-07-05 17:00:00,Card,failed,authentication failure,True,True,,,,,,1,3,8,0.937,14637.78,occasional_failure,False,False,True,usually_needs_reminder,True,recovered,898.74,True,retry_succeeded,train
CASE00638,TXN000638,CUST00170,payment_failed,failed_payment,254.83,254.83,2026-07-19 22:00:00,UPI,failed,insufficient funds,True,True,,,,,,1,1,8,0.23,2772.64,frequent_failure,False,False,True,rarely_recovers,True,recovered,254.83,True,retry_succeeded,train
CASE00639,TXN000639,CUST00346,payment_failed,failed_payment,16842.58,16842.58,2026-06-15 09:00:00,UPI,failed,network failure,True,True,,,,,,0,1,15,0.954,39622.48,reliable,False,False,True,usually_recovers_via_retry,True,recovered,16842.58,True,retry_succeeded,train
CASE00640,TXN000640,CUST00344,payment_success,successful,6827.94,0.0,2026-08-13 20:00:00,Card,success,,True,True,,,,,,0,0,20,0.817,39576.28,reliable,False,False,True,usually_recovers_via_retry,False,not_applicable,0.0,False,not_applicable,test
CASE00641,TXN000641,CUST00038,subscription_renewal_failed,failed_subscription,459.73,459.73,2026-07-16 08:00:00,UPI,failed_recurring,UPI timeout,,,failed,active_pending_retry,,,,1,2,4,0.915,5394.5,occasional_failure,False,False,True,usually_needs_reminder,False,not_recovered,0.0,True,no_recovery_within_window,validation
CASE00642,TXN000642,CUST00278,payment_success,successful,3150.94,0.0,2026-06-22 19:00:00,UPI,success,,True,True,,,,,,0,0,2,0.906,8767.31,occasional_failure,False,False,True,usually_needs_reminder,False,not_applicable,0.0,False,not_applicable,train
CASE00643,TXN000643,CUST00062,checkout_abandoned,checkout_abandonment,1551.25,1551.25,2026-06-29 01:00:00,Card,abandoned,,True,False,,,,,,0,1,5,0.801,12792.67,occasional_failure,False,False,True,usually_needs_reminder,False,not_recovered,0.0,True,no_recovery_within_window,train
CASE00644,TXN000644,CUST00222,checkout_abandoned,checkout_abandonment,304.09,304.09,2026-07-31 21:00:00,Card,abandoned,,True,False,,,,,,0,0,4,0.832,7624.97,occasional_failure,False,False,True,usually_needs_reminder,True,recovered,304.09,True,paid_after_reminder_or_link,validation
CASE00645,TXN000645,CUST00105,payment_success,successful,905.3,0.0,2026-06-30 21:00:00,Card,success,,True,True,,,,,,0,0,22,0.793,36036.8,reliable,False,False,True,usually_recovers_via_retry,False,not_applicable,0.0,False,not_applicable,validation
CASE00646,TXN000646,CUST00022,invoice_overdue,overdue_receivable,7280.84,7280.84,2026-08-20 00:00:00,UPI,overdue,,,,,,overdue,2026-08-12,8.0,0,1,6,0.767,3806.0,occasional_failure,False,True,False,usually_needs_reminder,False,not_recovered,0.0,True,high_risk_flag_unrecovered,train
CASE00647,TXN000647,CUST00034,payment_failed,failed_payment,7576.67,7576.67,2026-06-28 16:00:00,Netbanking,failed,insufficient funds,True,True,,,,,,1,3,7,0.734,14901.29,occasional_failure,True,True,False,usually_needs_reminder,False,not_recovered,0.0,True,opted_out_no_contact_possible,train
CASE00648,TXN000648,CUST00410,payment_success,successful,936.37,0.0,2026-07-18 01:00:00,UPI,success,,True,True,,,,,,0,0,6,0.688,4089.36,frequent_failure,False,False,True,rarely_recovers,False,not_applicable,0.0,False,not_applicable,train
CASE00649,TXN000649,CUST00342,checkout_abandoned,checkout_abandonment,391.66,391.66,2026-06-25 05:00:00,Card,abandoned,,True,False,,,,,,0,1,5,0.456,5934.37,frequent_failure,False,False,True,rarely_recovers,True,recovered,391.66,True,paid_after_reminder_or_link,train
CASE00650,TXN000650,CUST00421,payment_success,successful,4871.59,0.0,2026-06-24 16:00:00,UPI,success,,True,True,,,,,,0,0,21,0.896,22020.38,reliable,False,False,True,usually_recovers_via_retry,False,not_applicable,0.0,False,not_applicable,train
CASE00651,TXN000651,CUST00212,payment_success,successful,4422.34,0.0,2026-08-18 17:00:00,UPI,success,,True,True,,,,,,0,0,18,0.965,21907.15,reliable,False,False,True,usually_recovers_via_retry,False,not_applicable,0.0,False,not_applicable,validation
CASE00652,TXN000652,CUST00184,payment_success,successful,2146.71,0.0,2026-08-16 07:00:00,UPI,success,,True,True,,,,,,0,0,4,0.844,4487.11,occasional_failure,False,False,True,usually_needs_reminder,False,not_applicable,0.0,False,not_applicable,train
CASE00653,TXN000653,CUST00159,checkout_abandoned,checkout_abandonment,1255.68,1255.68,2026-06-17 17:00:00,UPI,abandoned,,True,False,,,,,,0,0,16,0.911,56783.68,reliable,False,False,True,usually_recovers_via_retry,True,recovered,1255.68,True,paid_after_reminder_or_link,train
CASE00654,TXN000654,CUST00281,payment_failed,failed_payment,2332.94,2332.94,2026-07-10 07:00:00,EMI,failed,bank decline,True,True,,,,,,0,0,0,0.574,2213.12,new,False,False,True,new_customer,False,not_recovered,0.0,True,no_recovery_within_window,train
CASE00655,TXN000655,CUST00156,payment_success,successful,10503.74,0.0,2026-05-22 09:00:00,Wallet,success,,True,True,,,,,,0,0,16,0.598,20883.83,reliable,False,False,True,usually_recovers_via_retry,False,not_applicable,0.0,False,not_applicable,validation
CASE00656,TXN000656,CUST00342,invoice_overdue,overdue_receivable,14460.62,14460.62,2026-08-20 00:00:00,UPI,overdue,,,,,,overdue,2026-08-18,2.0,0,0,5,0.456,5934.37,frequent_failure,False,False,True,rarely_recovers,False,not_recovered,0.0,True,no_recovery_within_window,train
CASE00657,TXN000657,CUST00363,payment_success,successful,266.79,0.0,2026-08-19 21:00:00,EMI,success,,True,True,,,,,,0,0,1,0.353,581.89,new,False,False,True,new_customer,False,not_applicable,0.0,False,not_applicable,train
CASE00658,TXN000658,CUST00394,invoice_overdue,overdue_receivable,10704.05,10704.05,2026-08-20 00:00:00,UPI,overdue,,,,,,overdue,2026-06-13,68.0,0,1,21,0.889,26266.95,reliable,False,False,True,usually_recovers_via_retry,True,recovered,9678.31,True,paid_after_reminder_or_link,train
CASE00659,TXN000659,CUST00106,checkout_abandoned,checkout_abandonment,354.93,354.93,2026-07-19 03:00:00,UPI,abandoned,,True,False,,,,,,0,1,21,0.88,31617.28,reliable,False,False,True,usually_recovers_via_retry,True,recovered,354.93,True,paid_after_reminder_or_link,train
CASE00660,TXN000660,CUST00236,payment_failed,failed_payment,1009.81,1009.81,2026-08-10 17:00:00,UPI,failed,bank decline,True,True,,,,,,0,1,23,0.859,95507.26,reliable,False,False,True,usually_recovers_via_retry,True,recovered,1009.81,True,retry_succeeded,train
CASE00661,TXN000661,CUST00099,invoice_overdue,overdue_receivable,7223.62,7223.62,2026-08-20 00:00:00,Card,overdue,,,,,,overdue,2026-08-19,1.0,0,1,1,0.528,969.76,new,False,False,True,new_customer,False,not_recovered,0.0,True,no_recovery_within_window,train
CASE00662,TXN000662,CUST00015,subscription_renewal_failed,failed_subscription,421.77,421.77,2026-07-08 01:00:00,UPI,failed_recurring,UPI timeout,,,failed,active_pending_retry,,,,1,2,8,0.937,14637.78,occasional_failure,False,False,True,usually_needs_reminder,False,not_recovered,0.0,True,no_recovery_within_window,train
CASE00663,TXN000663,CUST00326,payment_failed,failed_payment,1619.99,1619.99,2026-08-05 19:00:00,Wallet,failed,bank decline,True,True,,,,,,0,0,19,0.874,36148.44,reliable,False,False,True,usually_recovers_via_retry,True,recovered,1619.99,True,retry_succeeded,train
CASE00664,TXN000664,CUST00246,invoice_overdue,overdue_receivable,20149.51,20149.51,2026-08-20 00:00:00,UPI,overdue,,,,,,overdue,2026-08-02,18.0,0,1,24,0.832,215627.56,reliable,False,False,True,usually_recovers_via_retry,True,recovered,17677.13,True,paid_after_reminder_or_link,train
CASE00665,TXN000665,CUST00332,payment_success,successful,4356.55,0.0,2026-07-17 12:00:00,Card,success,,True,True,,,,,,0,0,1,0.509,2151.15,new,False,False,True,new_customer,False,not_applicable,0.0,False,not_applicable,test
CASE00666,TXN000666,CUST00039,payment_success,successful,1823.42,0.0,2026-08-08 09:00:00,UPI,success,,True,True,,,,,,0,0,0,0.084,1792.55,new,False,False,True,new_customer,False,not_applicable,0.0,False,not_applicable,train
CASE00667,TXN000667,CUST00449,checkout_abandoned,checkout_abandonment,2084.87,2084.87,2026-06-16 21:00:00,Card,abandoned,,True,False,,,,,,0,0,1,0.734,557.0,new,False,False,True,new_customer,True,recovered,2084.87,True,paid_after_reminder_or_link,validation
CASE00668,TXN000668,CUST00448,payment_failed,failed_payment,2333.84,2333.84,2026-08-09 04:00:00,UPI,failed,insufficient funds,True,True,,,,,,0,0,17,0.918,31396.07,reliable,False,False,True,usually_recovers_via_retry,True,recovered,2333.84,True,retry_succeeded,train
CASE00669,TXN000669,CUST00210,invoice_overdue,overdue_receivable,1666.12,1666.12,2026-08-20 00:00:00,UPI,overdue,,,,,,overdue,2026-05-22,90.0,0,3,4,0.833,8899.32,occasional_failure,False,False,True,usually_needs_reminder,True,recovered,1167.69,True,paid_after_reminder_or_link,train
CASE00670,TXN000670,CUST00390,payment_success,successful,9335.55,0.0,2026-07-07 04:00:00,UPI,success,,True,True,,,,,,0,0,31,0.836,243164.9,reliable,False,False,True,usually_recovers_via_retry,False,not_applicable,0.0,False,not_applicable,train
CASE00671,TXN000671,CUST00106,payment_success,successful,858.08,0.0,2026-06-07 17:00:00,UPI,success,,True,True,,,,,,0,0,21,0.88,31617.28,reliable,False,False,True,usually_recovers_via_retry,False,not_applicable,0.0,False,not_applicable,train
CASE00672,TXN000672,CUST00338,subscription_renewal_failed,failed_subscription,381.13,381.13,2026-07-24 14:00:00,UPI,failed_recurring,network failure,,,failed,failed,,,,0,0,18,0.965,38484.92,reliable,False,False,True,usually_recovers_via_retry,True,recovered,381.13,True,retry_succeeded,train
CASE00673,TXN000673,CUST00396,payment_success,successful,1497.98,0.0,2026-07-17 21:00:00,UPI,success,,True,True,,,,,,0,0,3,0.835,7370.34,occasional_failure,False,False,True,usually_needs_reminder,False,not_applicable,0.0,False,not_applicable,train
CASE00674,TXN000674,CUST00368,payment_success,successful,3325.95,0.0,2026-06-20 22:00:00,UPI,success,,True,True,,,,,,0,0,23,0.99,46500.46,reliable,True,False,False,usually_recovers_via_retry,False,not_applicable,0.0,False,not_applicable,train
CASE00675,TXN000675,CUST00368,payment_success,successful,7608.88,0.0,2026-07-06 13:00:00,Wallet,success,,True,True,,,,,,0,0,23,0.99,46500.46,reliable,True,False,False,usually_recovers_via_retry,False,not_applicable,0.0,False,not_applicable,train
CASE00676,TXN000676,CUST00208,subscription_renewal_failed,failed_subscription,898.25,898.25,2026-06-18 16:00:00,Card,failed_recurring,authentication failure,,,failed,active_pending_retry,,,,0,0,22,0.911,28097.27,reliable,False,False,True,usually_recovers_via_retry,True,recovered,898.25,True,retry_succeeded,train
CASE00677,TXN000677,CUST00371,subscription_renewal_failed,failed_subscription,464.05,464.05,2026-06-13 00:00:00,UPI,failed_recurring,insufficient funds,,,failed,active_pending_retry,,,,0,0,19,0.886,26636.54,reliable,False,True,False,usually_recovers_via_retry,False,not_recovered,0.0,True,high_risk_flag_unrecovered,train
CASE00678,TXN000678,CUST00318,checkout_abandoned,checkout_abandonment,2436.98,2436.98,2026-07-24 23:00:00,Card,abandoned,,True,False,,,,,,0,0,22,0.891,58256.72,reliable,False,False,True,usually_recovers_via_retry,True,recovered,2436.98,True,paid_after_reminder_or_link,train
CASE00679,TXN000679,CUST00057,payment_failed,failed_payment,635.17,635.17,2026-07-13 17:00:00,UPI,failed,bank decline,True,True,,,,,,1,2,3,0.745,5960.16,occasional_failure,False,False,True,usually_needs_reminder,True,recovered,635.17,True,retry_succeeded,train
CASE00680,TXN000680,CUST00050,payment_failed,failed_payment,2380.17,2380.17,2026-07-09 05:00:00,UPI,failed,network failure,True,True,,,,,,1,1,0,0.338,1303.83,new,False,False,True,new_customer,True,recovered,2380.17,True,retry_succeeded,train
CASE00681,TXN000681,CUST00351,payment_success,successful,519.41,0.0,2026-07-29 19:00:00,Wallet,success,,True,True,,,,,,0,0,20,0.919,47754.32,reliable,False,False,True,usually_recovers_via_retry,False,not_applicable,0.0,False,not_applicable,validation
CASE00682,TXN000682,CUST00287,checkout_abandoned,checkout_abandonment,530.92,530.92,2026-07-08 18:00:00,UPI,abandoned,,True,False,,,,,,0,2,0,0.363,1990.6,new,False,False,True,new_customer,True,recovered,530.92,True,paid_after_reminder_or_link,train
CASE00683,TXN000683,CUST00234,payment_success,successful,1658.11,0.0,2026-06-13 22:00:00,UPI,success,,True,True,,,,,,0,0,20,0.935,46377.7,reliable,False,False,True,usually_recovers_via_retry,False,not_applicable,0.0,False,not_applicable,train
CASE00684,TXN000684,CUST00408,checkout_abandoned,checkout_abandonment,366.25,366.25,2026-07-02 19:00:00,UPI,abandoned,,True,False,,,,,,0,1,19,0.906,250458.66,reliable,False,False,True,usually_recovers_via_retry,True,recovered,366.25,True,paid_after_reminder_or_link,train
CASE00685,TXN000685,CUST00302,payment_success,successful,1340.95,0.0,2026-07-19 02:00:00,Card,success,,True,True,,,,,,0,0,0,0.368,2514.98,new,False,False,True,new_customer,False,not_applicable,0.0,False,not_applicable,train
CASE00686,TXN000686,CUST00177,payment_success,successful,1368.45,0.0,2026-08-15 05:00:00,Card,success,,True,True,,,,,,0,0,3,0.762,7839.28,occasional_failure,False,False,True,usually_needs_reminder,False,not_applicable,0.0,False,not_applicable,train
CASE00687,TXN000687,CUST00184,checkout_abandoned,checkout_abandonment,1090.09,1090.09,2026-07-05 13:00:00,Netbanking,abandoned,,True,False,,,,,,0,1,4,0.844,4487.11,occasional_failure,False,False,True,usually_needs_reminder,True,recovered,1090.09,True,paid_after_reminder_or_link,train
CASE00688,TXN000688,CUST00276,payment_failed,failed_payment,1295.45,1295.45,2026-06-13 00:00:00,UPI,failed,UPI timeout,True,True,,,,,,0,0,2,0.847,13597.52,occasional_failure,False,False,True,usually_needs_reminder,True,recovered,1295.45,True,retry_succeeded,train
CASE00689,TXN000689,CUST00346,payment_failed,failed_payment,5783.63,5783.63,2026-07-05 00:00:00,Card,failed,authentication failure,True,True,,,,,,0,2,15,0.954,39622.48,reliable,False,False,True,usually_recovers_via_retry,True,recovered,5783.63,True,retry_succeeded,train
CASE00690,TXN000690,CUST00252,subscription_renewal_failed,failed_subscription,1496.86,1496.86,2026-06-26 23:00:00,Card,failed_recurring,authentication failure,,,failed,active_pending_retry,,,,0,0,27,0.88,125480.63,reliable,False,False,True,usually_recovers_via_retry,True,recovered,1496.86,True,retry_succeeded,validation
CASE00691,TXN000691,CUST00228,payment_success,successful,5295.61,0.0,2026-06-16 18:00:00,Netbanking,success,,True,True,,,,,,0,0,20,0.938,19691.26,reliable,False,False,True,usually_recovers_via_retry,False,not_applicable,0.0,False,not_applicable,test
CASE00692,TXN000692,CUST00333,subscription_renewal_failed,failed_subscription,315.66,315.66,2026-06-17 15:00:00,UPI,failed_recurring,UPI timeout,,,failed,failed,,,,0,0,23,0.798,52289.15,reliable,False,False,True,usually_recovers_via_retry,True,recovered,315.66,True,retry_succeeded,test
CASE00693,TXN000693,CUST00325,payment_success,successful,970.31,0.0,2026-06-30 06:00:00,UPI,success,,True,True,,,,,,0,0,25,0.89,126647.5,reliable,False,False,True,usually_recovers_via_retry,False,not_applicable,0.0,False,not_applicable,validation
CASE00694,TXN000694,CUST00377,payment_success,successful,1698.01,0.0,2026-06-24 02:00:00,UPI,success,,True,True,,,,,,0,0,6,0.443,8578.18,frequent_failure,False,False,True,rarely_recovers,False,not_applicable,0.0,False,not_applicable,train
CASE00695,TXN000695,CUST00025,subscription_renewal_failed,failed_subscription,576.65,576.65,2026-08-04 17:00:00,EMI,failed_recurring,bank decline,,,failed,active_pending_retry,,,,1,1,20,0.933,19585.24,reliable,False,False,True,usually_recovers_via_retry,False,not_recovered,0.0,True,no_recovery_within_window,train
CASE00696,TXN000696,CUST00345,invoice_overdue,overdue_receivable,6842.84,6842.84,2026-08-20 00:00:00,Netbanking,overdue,,,,,,overdue,2026-08-16,4.0,0,0,16,0.989,21087.69,reliable,False,False,True,usually_recovers_via_retry,False,not_recovered,0.0,True,no_recovery_within_window,train
CASE00697,TXN000697,CUST00231,payment_success,successful,1777.89,0.0,2026-07-30 18:00:00,Card,success,,True,True,,,,,,0,0,0,0.591,770.77,new,False,False,True,new_customer,False,not_applicable,0.0,False,not_applicable,validation
CASE00698,TXN000698,CUST00031,subscription_renewal_failed,failed_subscription,360.84,360.84,2026-07-24 16:00:00,UPI,failed_recurring,network failure,,,failed,active_pending_retry,,,,0,0,25,0.985,25873.75,reliable,False,False,True,usually_recovers_via_retry,True,recovered,360.84,True,retry_succeeded,train
CASE00699,TXN000699,CUST00312,checkout_abandoned,checkout_abandonment,2330.59,2330.59,2026-06-06 01:00:00,Card,abandoned,,True,False,,,,,,0,2,5,0.715,9888.67,occasional_failure,False,False,True,usually_needs_reminder,True,recovered,2330.59,True,paid_after_reminder_or_link,train
CASE00700,TXN000700,CUST00329,invoice_overdue,overdue_receivable,15969.79,15969.79,2026-08-20 00:00:00,UPI,overdue,,,,,,overdue,2026-07-16,35.0,0,1,24,0.824,53222.62,reliable,False,False,True,usually_recovers_via_retry,True,recovered,10803.42,True,paid_after_reminder_or_link,test
CASE00701,TXN000701,CUST00235,payment_success,successful,1205.71,0.0,2026-07-01 04:00:00,UPI,success,,True,True,,,,,,0,0,7,0.549,2517.8,frequent_failure,False,False,True,rarely_recovers,False,not_applicable,0.0,False,not_applicable,test
CASE00702,TXN000702,CUST00360,payment_success,successful,2739.32,0.0,2026-07-09 07:00:00,UPI,success,,True,True,,,,,,0,0,18,0.774,51280.42,reliable,False,False,True,usually_recovers_via_retry,False,not_applicable,0.0,False,not_applicable,validation
CASE00703,TXN000703,CUST00133,payment_success,successful,263.14,0.0,2026-06-07 19:00:00,Card,success,,True,True,,,,,,0,0,26,0.931,49183.94,reliable,False,False,True,usually_recovers_via_retry,False,not_applicable,0.0,False,not_applicable,train
CASE00704,TXN000704,CUST00087,payment_failed,failed_payment,3577.86,3577.86,2026-07-11 10:00:00,Card,failed,network failure,True,True,,,,,,0,0,14,0.863,59196.49,reliable,False,False,True,usually_recovers_via_retry,True,recovered,3577.86,True,retry_succeeded,train
CASE00705,TXN000705,CUST00156,checkout_abandoned,checkout_abandonment,2658.0,2658.0,2026-07-11 13:00:00,UPI,abandoned,,True,False,,,,,,0,2,16,0.598,20883.83,reliable,False,False,True,usually_recovers_via_retry,True,recovered,2658.0,True,paid_after_reminder_or_link,validation
CASE00706,TXN000706,CUST00182,subscription_renewal_failed,failed_subscription,1294.88,1294.88,2026-05-30 05:00:00,UPI,failed_recurring,network failure,,,failed,failed,,,,0,0,25,0.882,95985.95,reliable,False,False,True,usually_recovers_via_retry,True,recovered,1294.88,True,retry_succeeded,test
CASE00707,TXN000707,CUST00321,checkout_abandoned,checkout_abandonment,1111.85,1111.85,2026-06-16 19:00:00,UPI,abandoned,,True,False,,,,,,0,0,3,0.208,6994.9,frequent_failure,False,False,True,rarely_recovers,True,recovered,1111.85,True,paid_after_reminder_or_link,validation
CASE00708,TXN000708,CUST00382,payment_failed,failed_payment,1427.19,1427.19,2026-06-18 11:00:00,Wallet,failed,bank decline,True,True,,,,,,0,0,3,0.662,6106.25,frequent_failure,False,False,True,rarely_recovers,True,recovered,1427.19,True,retry_succeeded,train
CASE00709,TXN000709,CUST00331,invoice_overdue,overdue_receivable,6706.1,6706.1,2026-08-20 00:00:00,Card,overdue,,,,,,overdue,2026-08-06,14.0,0,2,18,0.909,51894.83,reliable,False,False,True,usually_recovers_via_retry,True,recovered,5762.29,True,paid_after_reminder_or_link,train
CASE00710,TXN000710,CUST00076,payment_success,successful,1712.15,0.0,2026-05-24 04:00:00,Wallet,success,,True,True,,,,,,0,0,4,0.575,13323.38,occasional_failure,False,False,True,usually_needs_reminder,False,not_applicable,0.0,False,not_applicable,train
CASE00711,TXN000711,CUST00162,checkout_abandoned,checkout_abandonment,9419.06,9419.06,2026-07-23 05:00:00,Card,abandoned,,True,False,,,,,,0,0,6,0.434,8914.71,frequent_failure,False,False,True,rarely_recovers,True,recovered,9419.06,True,paid_after_reminder_or_link,train
CASE00712,TXN000712,CUST00067,payment_success,successful,1011.2,0.0,2026-07-30 13:00:00,Card,success,,True,True,,,,,,0,0,17,0.977,21475.89,reliable,False,False,True,usually_recovers_via_retry,False,not_applicable,0.0,False,not_applicable,train
CASE00713,TXN000713,CUST00317,checkout_abandoned,checkout_abandonment,2152.49,2152.49,2026-08-08 08:00:00,Card,abandoned,,True,False,,,,,,0,2,4,0.971,4060.68,occasional_failure,False,False,True,usually_needs_reminder,True,recovered,2152.49,True,paid_after_reminder_or_link,test
CASE00714,TXN000714,CUST00109,payment_success,successful,304.82,0.0,2026-06-12 19:00:00,Card,success,,True,True,,,,,,0,0,1,0.271,644.86,new,False,False,True,new_customer,False,not_applicable,0.0,False,not_applicable,test
CASE00715,TXN000715,CUST00236,subscription_renewal_failed,failed_subscription,2242.04,2242.04,2026-06-09 00:00:00,Card,failed_recurring,network failure,,,failed,failed,,,,0,0,23,0.859,95507.26,reliable,False,False,True,usually_recovers_via_retry,True,recovered,2242.04,True,retry_succeeded,train
CASE00716,TXN000716,CUST00359,checkout_abandoned,checkout_abandonment,598.78,598.78,2026-07-17 18:00:00,Netbanking,abandoned,,True,False,,,,,,0,0,6,0.619,9628.3,occasional_failure,False,False,True,usually_needs_reminder,True,recovered,598.78,True,paid_after_reminder_or_link,train
CASE00717,TXN000717,CUST00308,payment_success,successful,4069.32,0.0,2026-06-09 00:00:00,Card,success,,True,True,,,,,,0,0,16,0.905,54576.01,reliable,False,False,True,usually_recovers_via_retry,False,not_applicable,0.0,False,not_applicable,validation
CASE00718,TXN000718,CUST00132,invoice_overdue,overdue_receivable,4023.42,4023.42,2026-08-20 00:00:00,Netbanking,overdue,,,,,,overdue,2026-07-21,30.0,0,1,5,0.396,1289.34,frequent_failure,False,False,True,rarely_recovers,False,not_recovered,0.0,True,no_recovery_within_window,train
CASE00719,TXN000719,CUST00147,payment_success,successful,3707.33,0.0,2026-06-27 11:00:00,Card,success,,True,True,,,,,,0,0,8,0.819,11250.41,occasional_failure,False,False,True,usually_needs_reminder,False,not_applicable,0.0,False,not_applicable,train
CASE00720,TXN000720,CUST00300,payment_failed,failed_payment,4881.15,4881.15,2026-07-13 15:00:00,Card,failed,bank decline,True,True,,,,,,3,3,16,0.959,32415.77,reliable,False,False,True,usually_recovers_via_retry,True,recovered,4881.15,True,retry_succeeded,test
CASE00721,TXN000721,CUST00246,checkout_abandoned,checkout_abandonment,1866.82,1866.82,2026-05-22 09:00:00,UPI,abandoned,,True,False,,,,,,0,0,24,0.832,215627.56,reliable,False,False,True,usually_recovers_via_retry,True,recovered,1866.82,True,paid_after_reminder_or_link,train
CASE00722,TXN000722,CUST00043,payment_success,successful,1811.17,0.0,2026-06-19 12:00:00,UPI,success,,True,True,,,,,,0,0,15,0.95,23359.48,reliable,False,False,True,usually_recovers_via_retry,False,not_applicable,0.0,False,not_applicable,test
CASE00723,TXN000723,CUST00393,payment_success,successful,5093.35,0.0,2026-06-20 22:00:00,Wallet,success,,True,True,,,,,,0,0,16,0.973,27369.47,reliable,False,False,True,usually_recovers_via_retry,False,not_applicable,0.0,False,not_applicable,train
CASE00724,TXN000724,CUST00230,payment_success,successful,1942.15,0.0,2026-06-21 20:00:00,Netbanking,success,,True,True,,,,,,0,0,0,0.537,904.67,new,False,False,True,new_customer,False,not_applicable,0.0,False,not_applicable,train
CASE00725,TXN000725,CUST00213,payment_failed,failed_payment,3490.17,3490.17,2026-07-09 22:00:00,UPI,failed,insufficient funds,True,True,,,,,,1,2,1,0.314,1453.27,new,False,False,True,new_customer,True,recovered,3490.17,True,retry_succeeded,validation
CASE00726,TXN000726,CUST00087,payment_failed,failed_payment,21775.5,21775.5,2026-07-03 01:00:00,UPI,failed,UPI timeout,True,True,,,,,,0,2,14,0.863,59196.49,reliable,False,False,True,usually_recovers_via_retry,True,recovered,21775.5,True,retry_succeeded,train
CASE00727,TXN000727,CUST00167,payment_success,successful,1983.98,0.0,2026-07-23 10:00:00,UPI,success,,True,True,,,,,,0,0,22,0.902,299943.68,reliable,False,False,True,usually_recovers_via_retry,False,not_applicable,0.0,False,not_applicable,train
CASE00728,TXN000728,CUST00147,payment_failed,failed_payment,168.64,168.64,2026-07-30 23:00:00,UPI,failed,UPI timeout,True,True,,,,,,0,0,8,0.819,11250.41,occasional_failure,False,False,True,usually_needs_reminder,True,recovered,168.64,True,retry_succeeded,train
CASE00729,TXN000729,CUST00119,subscription_renewal_failed,failed_subscription,218.31,218.31,2026-06-04 12:00:00,Netbanking,failed_recurring,network failure,,,failed,active_pending_retry,,,,0,0,9,0.593,7948.5,occasional_failure,False,False,True,usually_needs_reminder,False,not_recovered,0.0,True,no_recovery_within_window,validation
CASE00730,TXN000730,CUST00254,checkout_abandoned,checkout_abandonment,2015.84,2015.84,2026-08-08 00:00:00,EMI,abandoned,,True,False,,,,,,0,1,0,0.335,2442.27,new,False,False,True,new_customer,False,not_recovered,0.0,True,no_recovery_within_window,train
CASE00731,TXN000731,CUST00208,subscription_renewal_failed,failed_subscription,445.17,445.17,2026-06-09 19:00:00,UPI,failed_recurring,insufficient funds,,,failed,failed,,,,0,2,22,0.911,28097.27,reliable,False,False,True,usually_recovers_via_retry,True,recovered,445.17,True,retry_succeeded,train
CASE00732,TXN000732,CUST00401,payment_success,successful,1882.04,0.0,2026-06-13 20:00:00,Card,success,,True,True,,,,,,0,0,4,0.913,10782.15,occasional_failure,False,False,True,usually_needs_reminder,False,not_applicable,0.0,False,not_applicable,train
CASE00733,TXN000733,CUST00425,subscription_renewal_failed,failed_subscription,683.56,683.56,2026-06-07 18:00:00,EMI,failed_recurring,insufficient funds,,,failed,active_pending_retry,,,,0,0,17,0.793,38369.13,reliable,False,False,True,usually_recovers_via_retry,True,recovered,683.56,True,retry_succeeded,train
CASE00734,TXN000734,CUST00096,payment_success,successful,1978.01,0.0,2026-05-24 18:00:00,EMI,success,,True,True,,,,,,0,0,31,0.975,17210.29,reliable,False,False,True,usually_recovers_via_retry,False,not_applicable,0.0,False,not_applicable,train
CASE00735,TXN000735,CUST00044,payment_failed,failed_payment,771.2,771.2,2026-06-10 04:00:00,Wallet,failed,bank decline,True,True,,,,,,0,1,2,0.672,4328.3,occasional_failure,False,False,True,usually_needs_reminder,True,recovered,771.2,True,retry_succeeded,train
CASE00736,TXN000736,CUST00357,subscription_renewal_failed,failed_subscription,783.25,783.25,2026-06-04 06:00:00,UPI,failed_recurring,UPI timeout,,,failed,active_pending_retry,,,,1,1,23,0.925,39141.89,reliable,False,False,True,usually_recovers_via_retry,True,recovered,783.25,True,retry_succeeded,train
CASE00737,TXN000737,CUST00448,payment_success,successful,2863.87,0.0,2026-07-13 06:00:00,Netbanking,success,,True,True,,,,,,0,0,17,0.918,31396.07,reliable,False,False,True,usually_recovers_via_retry,False,not_applicable,0.0,False,not_applicable,train
CASE00738,TXN000738,CUST00390,payment_success,successful,3007.96,0.0,2026-07-09 20:00:00,UPI,success,,True,True,,,,,,0,0,31,0.836,243164.9,reliable,False,False,True,usually_recovers_via_retry,False,not_applicable,0.0,False,not_applicable,train
CASE00739,TXN000739,CUST00010,payment_success,successful,5090.84,0.0,2026-07-10 02:00:00,Card,success,,True,True,,,,,,0,0,3,0.565,5171.12,occasional_failure,False,False,True,usually_needs_reminder,False,not_applicable,0.0,False,not_applicable,test
CASE00740,TXN000740,CUST00110,invoice_overdue,overdue_receivable,5356.75,5356.75,2026-08-20 00:00:00,Netbanking,overdue,,,,,,overdue,2026-07-09,42.0,0,1,8,0.346,9680.67,frequent_failure,False,False,True,rarely_recovers,True,recovered,4013.47,True,paid_after_reminder_or_link,train
CASE00741,TXN000741,CUST00019,invoice_overdue,overdue_receivable,68621.88,68621.88,2026-08-20 00:00:00,Card,overdue,,,,,,overdue,2026-07-21,30.0,0,1,21,0.806,67105.75,reliable,False,False,True,usually_recovers_via_retry,True,recovered,61943.64,True,paid_after_reminder_or_link,train
CASE00742,TXN000742,CUST00371,payment_success,successful,3190.11,0.0,2026-05-25 16:00:00,Card,success,,True,True,,,,,,0,0,19,0.886,26636.54,reliable,False,True,False,usually_recovers_via_retry,False,not_applicable,0.0,False,not_applicable,train
CASE00743,TXN000743,CUST00261,checkout_abandoned,checkout_abandonment,1559.82,1559.82,2026-07-14 02:00:00,Netbanking,abandoned,,True,False,,,,,,0,1,0,0.213,735.25,new,False,False,True,new_customer,True,recovered,1559.82,True,paid_after_reminder_or_link,train
CASE00744,TXN000744,CUST00231,payment_success,successful,2417.83,0.0,2026-06-07 04:00:00,Netbanking,success,,True,True,,,,,,0,0,0,0.591,770.77,new,False,False,True,new_customer,False,not_applicable,0.0,False,not_applicable,validation
CASE00745,TXN000745,CUST00248,payment_failed,failed_payment,1072.69,1072.69,2026-06-20 02:00:00,UPI,failed,insufficient funds,True,True,,,,,,0,1,4,0.912,12789.16,occasional_failure,False,False,True,usually_needs_reminder,False,not_recovered,0.0,True,no_recovery_within_window,train
CASE00746,TXN000746,CUST00111,checkout_abandoned,checkout_abandonment,1171.97,1171.97,2026-07-01 23:00:00,Wallet,abandoned,,True,False,,,,,,0,2,7,0.978,5495.98,occasional_failure,False,False,True,usually_needs_reminder,False,not_recovered,0.0,True,no_recovery_within_window,train
CASE00747,TXN000747,CUST00275,payment_success,successful,2762.64,0.0,2026-06-20 09:00:00,Netbanking,success,,True,True,,,,,,0,0,20,0.868,37791.3,reliable,False,False,True,usually_recovers_via_retry,False,not_applicable,0.0,False,not_applicable,train
CASE00748,TXN000748,CUST00013,payment_success,successful,5477.85,0.0,2026-05-27 17:00:00,UPI,success,,True,True,,,,,,0,0,18,0.869,22987.8,reliable,False,False,True,usually_recovers_via_retry,False,not_applicable,0.0,False,not_applicable,train
CASE00749,TXN000749,CUST00298,invoice_overdue,overdue_receivable,18256.27,18256.27,2026-08-20 00:00:00,Card,overdue,,,,,,overdue,2026-08-10,10.0,0,0,26,0.787,282202.12,reliable,False,False,True,usually_recovers_via_retry,True,recovered,10600.45,True,paid_after_reminder_or_link,train
CASE00750,TXN000750,CUST00336,subscription_renewal_failed,failed_subscription,461.59,461.59,2026-06-14 22:00:00,Card,failed_recurring,insufficient funds,,,failed,failed,,,,1,1,12,0.967,47171.26,reliable,False,False,True,usually_recovers_via_retry,True,recovered,461.59,True,retry_succeeded,train
CASE00751,TXN000751,CUST00308,payment_success,successful,1249.02,0.0,2026-08-07 10:00:00,Card,success,,True,True,,,,,,0,0,16,0.905,54576.01,reliable,False,False,True,usually_recovers_via_retry,False,not_applicable,0.0,False,not_applicable,validation
CASE00752,TXN000752,CUST00147,invoice_overdue,overdue_receivable,4628.64,4628.64,2026-08-20 00:00:00,UPI,overdue,,,,,,overdue,2026-08-19,1.0,0,1,8,0.819,11250.41,occasional_failure,False,False,True,usually_needs_reminder,False,not_recovered,0.0,True,no_recovery_within_window,train
CASE00753,TXN000753,CUST00373,payment_failed,failed_payment,285.5,285.5,2026-07-23 13:00:00,Netbanking,failed,network failure,True,True,,,,,,0,2,5,0.797,4529.12,occasional_failure,False,False,True,usually_needs_reminder,True,recovered,285.5,True,retry_succeeded,test
CASE00754,TXN000754,CUST00329,subscription_renewal_failed,failed_subscription,876.76,876.76,2026-05-26 02:00:00,Netbanking,failed_recurring,network failure,,,failed,failed,,,,2,2,24,0.824,53222.62,reliable,False,False,True,usually_recovers_via_retry,True,recovered,876.76,True,retry_succeeded,test
CASE00755,TXN000755,CUST00056,subscription_renewal_failed,failed_subscription,1162.96,1162.96,2026-08-03 08:00:00,UPI,failed_recurring,UPI timeout,,,failed,failed,,,,2,2,24,0.936,20661.32,reliable,False,False,True,usually_recovers_via_retry,False,not_recovered,0.0,True,no_recovery_within_window,train
CASE00756,TXN000756,CUST00083,invoice_overdue,overdue_receivable,50393.27,50393.27,2026-08-20 00:00:00,Card,overdue,,,,,,overdue,2026-07-18,33.0,0,0,29,0.751,72618.24,reliable,False,False,True,usually_recovers_via_retry,False,not_recovered,0.0,True,no_recovery_within_window,train
CASE00757,TXN000757,CUST00294,payment_success,successful,7352.12,0.0,2026-06-25 21:00:00,Netbanking,success,,True,True,,,,,,0,0,1,0.714,1917.77,new,False,False,True,new_customer,False,not_applicable,0.0,False,not_applicable,test
CASE00758,TXN000758,CUST00127,payment_success,successful,1588.0,0.0,2026-08-16 09:00:00,EMI,success,,True,True,,,,,,0,0,4,0.675,13917.56,occasional_failure,False,False,True,usually_needs_reminder,False,not_applicable,0.0,False,not_applicable,test
CASE00759,TXN000759,CUST00053,payment_success,successful,1611.12,0.0,2026-06-05 11:00:00,Wallet,success,,True,True,,,,,,0,0,10,0.921,56483.36,reliable,False,False,True,usually_recovers_via_retry,False,not_applicable,0.0,False,not_applicable,train
CASE00760,TXN000760,CUST00066,payment_success,successful,1219.08,0.0,2026-06-02 06:00:00,Card,success,,True,True,,,,,,0,0,16,0.893,50435.87,reliable,False,False,True,usually_recovers_via_retry,False,not_applicable,0.0,False,not_applicable,train
CASE00761,TXN000761,CUST00070,invoice_overdue,overdue_receivable,15300.36,15300.36,2026-08-20 00:00:00,Card,overdue,,,,,,overdue,2026-06-13,68.0,0,1,7,0.556,4031.79,occasional_failure,False,False,True,usually_needs_reminder,True,recovered,11869.98,True,paid_after_reminder_or_link,test
CASE00762,TXN000762,CUST00215,payment_success,successful,1373.61,0.0,2026-07-31 05:00:00,Netbanking,success,,True,True,,,,,,0,0,22,0.836,43926.17,reliable,False,False,True,usually_recovers_via_retry,False,not_applicable,0.0,False,not_applicable,train
CASE00763,TXN000763,CUST00277,payment_success,successful,1942.07,0.0,2026-06-03 08:00:00,UPI,success,,True,True,,,,,,0,0,4,0.872,12286.2,occasional_failure,False,False,True,usually_needs_reminder,False,not_applicable,0.0,False,not_applicable,test
CASE00764,TXN000764,CUST00077,checkout_abandoned,checkout_abandonment,4333.2,4333.2,2026-06-26 21:00:00,Card,abandoned,,True,False,,,,,,0,2,3,0.848,4197.97,occasional_failure,False,False,True,usually_needs_reminder,True,recovered,4333.2,True,paid_after_reminder_or_link,train
CASE00765,TXN000765,CUST00327,payment_success,successful,7599.61,0.0,2026-06-02 00:00:00,Card,success,,True,True,,,,,,0,0,23,0.818,172090.16,reliable,False,False,True,usually_recovers_via_retry,False,not_applicable,0.0,False,not_applicable,train
CASE00766,TXN000766,CUST00122,payment_success,successful,706.34,0.0,2026-06-20 05:00:00,UPI,success,,True,True,,,,,,0,0,26,0.917,38908.17,reliable,False,False,True,usually_recovers_via_retry,False,not_applicable,0.0,False,not_applicable,train
CASE00767,TXN000767,CUST00138,payment_success,successful,2588.2,0.0,2026-08-03 11:00:00,Netbanking,success,,True,True,,,,,,0,0,3,0.825,4864.77,occasional_failure,False,False,True,usually_needs_reminder,False,not_applicable,0.0,False,not_applicable,test
CASE00768,TXN000768,CUST00099,payment_failed,failed_payment,3337.94,3337.94,2026-06-20 13:00:00,Netbanking,failed,network failure,True,True,,,,,,2,3,1,0.528,969.76,new,False,False,True,new_customer,False,not_recovered,0.0,True,no_recovery_within_window,train
CASE00769,TXN000769,CUST00357,subscription_renewal_failed,failed_subscription,221.34,221.34,2026-06-28 12:00:00,Wallet,failed_recurring,bank decline,,,failed,active_pending_retry,,,,0,0,23,0.925,39141.89,reliable,False,False,True,usually_recovers_via_retry,True,recovered,221.34,True,retry_succeeded,train
CASE00770,TXN000770,CUST00433,subscription_renewal_failed,failed_subscription,750.49,750.49,2026-08-09 04:00:00,UPI,failed_recurring,insufficient funds,,,failed,active_pending_retry,,,,1,1,19,0.987,25705.94,reliable,False,False,True,usually_recovers_via_retry,True,recovered,750.49,True,retry_succeeded,test
CASE00771,TXN000771,CUST00222,checkout_abandoned,checkout_abandonment,1853.61,1853.61,2026-06-28 01:00:00,UPI,abandoned,,True,False,,,,,,0,1,4,0.832,7624.97,occasional_failure,False,False,True,usually_needs_reminder,True,recovered,1853.61,True,paid_after_reminder_or_link,validation
CASE00772,TXN000772,CUST00017,checkout_abandoned,checkout_abandonment,2926.21,2926.21,2026-07-09 13:00:00,Netbanking,abandoned,,True,False,,,,,,0,0,22,0.86,16663.68,reliable,False,False,True,usually_recovers_via_retry,True,recovered,2926.21,True,paid_after_reminder_or_link,train
CASE00773,TXN000773,CUST00116,checkout_abandoned,checkout_abandonment,4061.97,4061.97,2026-06-23 06:00:00,UPI,abandoned,,True,False,,,,,,0,0,21,0.926,90790.38,reliable,False,False,True,usually_recovers_via_retry,False,not_recovered,0.0,True,no_recovery_within_window,validation
CASE00774,TXN000774,CUST00067,payment_failed,failed_payment,2541.04,2541.04,2026-06-01 20:00:00,UPI,failed,UPI timeout,True,True,,,,,,3,5,17,0.977,21475.89,reliable,False,False,True,usually_recovers_via_retry,True,recovered,2541.04,True,retry_succeeded,train
CASE00775,TXN000775,CUST00381,payment_success,successful,9117.79,0.0,2026-07-02 18:00:00,Card,success,,True,True,,,,,,0,0,18,0.622,32066.97,reliable,False,False,True,usually_recovers_via_retry,False,not_applicable,0.0,False,not_applicable,train
CASE00776,TXN000776,CUST00037,payment_failed,failed_payment,920.46,920.46,2026-06-21 15:00:00,UPI,failed,bank decline,True,True,,,,,,2,4,0,0.538,531.17,new,False,False,True,new_customer,False,not_recovered,0.0,True,no_recovery_within_window,validation
CASE00777,TXN000777,CUST00437,payment_failed,failed_payment,2092.51,2092.51,2026-08-16 17:00:00,Netbanking,failed,network failure,True,True,,,,,,0,1,0,0.776,974.12,new,False,False,True,new_customer,True,recovered,2092.51,True,retry_succeeded,train
CASE00778,TXN000778,CUST00265,subscription_renewal_failed,failed_subscription,608.67,608.67,2026-07-21 03:00:00,Card,failed_recurring,insufficient funds,,,failed,active_pending_retry,,,,0,1,4,0.368,9084.25,frequent_failure,False,False,True,rarely_recovers,True,recovered,608.67,True,retry_succeeded,train
CASE00779,TXN000779,CUST00233,invoice_overdue,overdue_receivable,8227.92,8227.92,2026-08-20 00:00:00,Card,overdue,,,,,,overdue,2026-07-21,30.0,0,0,7,0.2,3197.07,frequent_failure,False,True,False,rarely_recovers,False,not_recovered,0.0,True,high_risk_flag_unrecovered,train
CASE00780,TXN000780,CUST00383,subscription_renewal_failed,failed_subscription,631.21,631.21,2026-06-02 10:00:00,Netbanking,failed_recurring,network failure,,,failed,failed,,,,0,0,15,0.915,19933.59,reliable,False,False,True,usually_recovers_via_retry,True,recovered,631.21,True,retry_succeeded,test
CASE00781,TXN000781,CUST00012,invoice_overdue,overdue_receivable,15891.93,15891.93,2026-08-20 00:00:00,Card,overdue,,,,,,overdue,2026-06-29,52.0,0,0,6,0.415,6284.12,frequent_failure,False,False,True,rarely_recovers,True,recovered,12367.81,True,paid_after_reminder_or_link,train
CASE00782,TXN000782,CUST00353,payment_failed,failed_payment,6966.15,6966.15,2026-08-13 21:00:00,UPI,failed,bank decline,True,True,,,,,,0,0,16,0.912,59842.74,reliable,False,False,True,usually_recovers_via_retry,True,recovered,6966.15,True,retry_succeeded,train
CASE00783,TXN000783,CUST00052,subscription_renewal_failed,failed_subscription,343.49,343.49,2026-07-17 11:00:00,Netbanking,failed_recurring,insufficient funds,,,failed,failed,,,,0,0,1,0.26,1594.97,new,False,True,False,new_customer,False,not_recovered,0.0,True,high_risk_flag_unrecovered,validation
CASE00784,TXN000784,CUST00381,invoice_overdue,overdue_receivable,4918.82,4918.82,2026-08-20 00:00:00,Netbanking,overdue,,,,,,overdue,2026-08-16,4.0,0,1,18,0.622,32066.97,reliable,False,False,True,usually_recovers_via_retry,False,not_recovered,0.0,True,no_recovery_within_window,train
CASE00785,TXN000785,CUST00237,payment_failed,failed_payment,1103.75,1103.75,2026-06-30 19:00:00,Card,failed,bank decline,True,True,,,,,,1,2,3,0.887,6085.81,occasional_failure,False,False,True,usually_needs_reminder,True,recovered,1103.75,True,retry_succeeded,train
CASE00786,TXN000786,CUST00025,checkout_abandoned,checkout_abandonment,4005.48,4005.48,2026-06-23 07:00:00,UPI,abandoned,,True,False,,,,,,0,1,20,0.933,19585.24,reliable,False,False,True,usually_recovers_via_retry,True,recovered,4005.48,True,paid_after_reminder_or_link,train
CASE00787,TXN000787,CUST00378,payment_failed,failed_payment,2707.81,2707.81,2026-06-28 14:00:00,Wallet,failed,insufficient funds,True,True,,,,,,0,1,4,0.822,8269.17,occasional_failure,False,False,True,usually_needs_reminder,True,recovered,2707.81,True,retry_succeeded,train
CASE00788,TXN000788,CUST00012,checkout_abandoned,checkout_abandonment,1895.51,1895.51,2026-08-15 06:00:00,Card,abandoned,,True,False,,,,,,0,0,6,0.415,6284.12,frequent_failure,False,False,True,rarely_recovers,True,recovered,1895.51,True,paid_after_reminder_or_link,train
CASE00789,TXN000789,CUST00061,payment_success,successful,1166.3,0.0,2026-08-12 23:00:00,Card,success,,True,True,,,,,,0,0,16,0.956,48524.62,reliable,False,False,True,usually_recovers_via_retry,False,not_applicable,0.0,False,not_applicable,test
CASE00790,TXN000790,CUST00361,payment_failed,failed_payment,554.57,554.57,2026-07-28 06:00:00,Card,failed,authentication failure,True,True,,,,,,1,2,6,0.171,6107.95,frequent_failure,False,False,True,rarely_recovers,True,recovered,554.57,True,retry_succeeded,train
CASE00791,TXN000791,CUST00210,subscription_renewal_failed,failed_subscription,271.18,271.18,2026-07-29 14:00:00,Card,failed_recurring,authentication failure,,,failed,failed,,,,0,1,4,0.833,8899.32,occasional_failure,False,False,True,usually_needs_reminder,True,recovered,271.18,True,retry_succeeded,train
CASE00792,TXN000792,CUST00397,invoice_overdue,overdue_receivable,22464.79,22464.79,2026-08-20 00:00:00,UPI,overdue,,,,,,overdue,2026-06-16,65.0,0,1,30,0.836,263966.05,reliable,False,False,True,usually_recovers_via_retry,True,recovered,15020.09,True,paid_after_reminder_or_link,train
CASE00793,TXN000793,CUST00293,payment_failed,failed_payment,943.19,943.19,2026-07-14 11:00:00,Netbanking,failed,network failure,True,True,,,,,,1,1,5,0.083,7453.51,frequent_failure,False,False,True,rarely_recovers,False,not_recovered,0.0,True,no_recovery_within_window,train
CASE00794,TXN000794,CUST00286,checkout_abandoned,checkout_abandonment,5956.97,5956.97,2026-05-31 21:00:00,EMI,abandoned,,True,False,,,,,,0,1,4,0.662,9691.18,occasional_failure,False,False,True,usually_needs_reminder,True,recovered,5956.97,True,paid_after_reminder_or_link,train
CASE00795,TXN000795,CUST00130,invoice_overdue,overdue_receivable,3260.05,3260.05,2026-08-20 00:00:00,Card,overdue,,,,,,overdue,2026-07-23,28.0,0,0,22,0.783,56758.68,reliable,False,False,True,usually_recovers_via_retry,False,not_recovered,0.0,True,no_recovery_within_window,train
CASE00796,TXN000796,CUST00058,subscription_renewal_failed,failed_subscription,888.35,888.35,2026-08-13 12:00:00,UPI,failed_recurring,network failure,,,failed,failed,,,,1,1,15,0.906,39393.56,reliable,False,False,True,usually_recovers_via_retry,True,recovered,888.35,True,retry_succeeded,test
CASE00797,TXN000797,CUST00433,payment_success,successful,4127.17,0.0,2026-08-12 13:00:00,UPI,success,,True,True,,,,,,0,0,19,0.987,25705.94,reliable,False,False,True,usually_recovers_via_retry,False,not_applicable,0.0,False,not_applicable,test
CASE00798,TXN000798,CUST00046,subscription_renewal_failed,failed_subscription,791.91,791.91,2026-05-26 22:00:00,Wallet,failed_recurring,network failure,,,failed,failed,,,,0,0,30,0.931,242403.59,reliable,False,False,True,usually_recovers_via_retry,True,recovered,791.91,True,retry_succeeded,train
CASE00799,TXN000799,CUST00237,payment_failed,failed_payment,183.3,183.3,2026-06-14 08:00:00,Card,failed,bank decline,True,True,,,,,,0,2,3,0.887,6085.81,occasional_failure,False,False,True,usually_needs_reminder,True,recovered,183.3,True,retry_succeeded,train
CASE00800,TXN000800,CUST00120,payment_failed,failed_payment,2525.91,2525.91,2026-08-09 01:00:00,Card,failed,network failure,True,True,,,,,,0,1,22,0.835,30158.54,reliable,False,False,True,usually_recovers_via_retry,True,recovered,2525.91,True,retry_succeeded,train
CASE00801,TXN000801,CUST00117,payment_success,successful,1281.5,0.0,2026-08-07 07:00:00,Card,success,,True,True,,,,,,0,0,21,0.978,48720.88,reliable,False,False,True,usually_recovers_via_retry,False,not_applicable,0.0,False,not_applicable,train
CASE00802,TXN000802,CUST00270,payment_failed,failed_payment,873.08,873.08,2026-06-24 02:00:00,UPI,failed,insufficient funds,True,True,,,,,,1,1,0,0.374,976.82,new,False,False,True,new_customer,True,recovered,873.08,True,retry_succeeded,test
CASE00803,TXN000803,CUST00361,invoice_overdue,overdue_receivable,6113.0,6113.0,2026-08-20 00:00:00,Netbanking,overdue,,,,,,overdue,2026-08-01,19.0,0,0,6,0.171,6107.95,frequent_failure,False,False,True,rarely_recovers,True,recovered,5399.97,True,paid_after_reminder_or_link,train
CASE00804,TXN000804,CUST00353,subscription_renewal_failed,failed_subscription,526.19,526.19,2026-07-27 02:00:00,Card,failed_recurring,network failure,,,failed,active_pending_retry,,,,0,0,16,0.912,59842.74,reliable,False,False,True,usually_recovers_via_retry,True,recovered,526.19,True,retry_succeeded,train
CASE00805,TXN000805,CUST00391,invoice_overdue,overdue_receivable,28645.18,28645.18,2026-08-20 00:00:00,Wallet,overdue,,,,,,overdue,2026-06-26,55.0,0,0,17,0.893,45662.53,reliable,False,False,True,usually_recovers_via_retry,True,recovered,26312.07,True,paid_after_reminder_or_link,validation
CASE00806,TXN000806,CUST00130,payment_success,successful,4706.76,0.0,2026-06-18 16:00:00,UPI,success,,True,True,,,,,,0,0,22,0.783,56758.68,reliable,False,False,True,usually_recovers_via_retry,False,not_applicable,0.0,False,not_applicable,train
CASE00807,TXN000807,CUST00210,checkout_abandoned,checkout_abandonment,7753.85,7753.85,2026-08-11 02:00:00,Wallet,abandoned,,True,False,,,,,,0,1,4,0.833,8899.32,occasional_failure,False,False,True,usually_needs_reminder,True,recovered,7753.85,True,paid_after_reminder_or_link,train
CASE00808,TXN000808,CUST00004,invoice_overdue,overdue_receivable,6855.01,6855.01,2026-08-20 00:00:00,UPI,overdue,,,,,,overdue,2026-06-29,52.0,0,0,19,0.737,40760.61,reliable,False,False,True,usually_recovers_via_retry,False,not_recovered,0.0,True,no_recovery_within_window,validation
CASE00809,TXN000809,CUST00342,checkout_abandoned,checkout_abandonment,2949.93,2949.93,2026-07-14 15:00:00,Wallet,abandoned,,True,False,,,,,,0,1,5,0.456,5934.37,frequent_failure,False,False,True,rarely_recovers,True,recovered,2949.93,True,paid_after_reminder_or_link,train
CASE00810,TXN000810,CUST00133,invoice_overdue,overdue_receivable,5013.58,5013.58,2026-08-20 00:00:00,UPI,overdue,,,,,,overdue,2026-08-11,9.0,0,0,26,0.931,49183.94,reliable,False,False,True,usually_recovers_via_retry,True,recovered,4413.89,True,paid_after_reminder_or_link,train
CASE00811,TXN000811,CUST00251,payment_success,successful,807.25,0.0,2026-08-13 16:00:00,Card,success,,True,True,,,,,,0,0,20,0.787,28580.7,reliable,False,False,True,usually_recovers_via_retry,False,not_applicable,0.0,False,not_applicable,validation
CASE00812,TXN000812,CUST00073,payment_success,successful,3978.26,0.0,2026-07-17 07:00:00,UPI,success,,True,True,,,,,,0,0,26,0.849,194693.54,reliable,False,False,True,usually_recovers_via_retry,False,not_applicable,0.0,False,not_applicable,train
CASE00813,TXN000813,CUST00370,payment_success,successful,268.03,0.0,2026-07-15 03:00:00,UPI,success,,True,True,,,,,,0,0,26,0.968,225134.82,reliable,False,False,True,usually_recovers_via_retry,False,not_applicable,0.0,False,not_applicable,train
CASE00814,TXN000814,CUST00370,checkout_abandoned,checkout_abandonment,1841.26,1841.26,2026-07-03 20:00:00,Card,abandoned,,True,False,,,,,,0,2,26,0.968,225134.82,reliable,False,False,True,usually_recovers_via_retry,True,recovered,1841.26,True,paid_after_reminder_or_link,train
CASE00815,TXN000815,CUST00394,checkout_abandoned,checkout_abandonment,2415.82,2415.82,2026-08-03 05:00:00,Card,abandoned,,True,False,,,,,,0,0,21,0.889,26266.95,reliable,False,False,True,usually_recovers_via_retry,True,recovered,2415.82,True,paid_after_reminder_or_link,train
CASE00816,TXN000816,CUST00020,subscription_renewal_failed,failed_subscription,267.77,267.77,2026-06-28 09:00:00,Wallet,failed_recurring,insufficient funds,,,failed,active_pending_retry,,,,0,1,20,0.551,41564.41,reliable,False,False,True,usually_recovers_via_retry,True,recovered,267.77,True,retry_succeeded,test
CASE00817,TXN000817,CUST00448,subscription_renewal_failed,failed_subscription,737.39,737.39,2026-06-19 12:00:00,Card,failed_recurring,network failure,,,failed,failed,,,,0,0,17,0.918,31396.07,reliable,False,False,True,usually_recovers_via_retry,True,recovered,737.39,True,retry_succeeded,train
CASE00818,TXN000818,CUST00109,checkout_abandoned,checkout_abandonment,2193.54,2193.54,2026-06-19 01:00:00,Card,abandoned,,True,False,,,,,,0,1,1,0.271,644.86,new,False,False,True,new_customer,True,recovered,2193.54,True,paid_after_reminder_or_link,test
CASE00819,TXN000819,CUST00137,invoice_overdue,overdue_receivable,10835.24,10835.24,2026-08-20 00:00:00,UPI,overdue,,,,,,overdue,2026-07-26,25.0,0,1,5,0.181,1190.4,frequent_failure,False,False,True,rarely_recovers,False,not_recovered,0.0,True,no_recovery_within_window,train
CASE00820,TXN000820,CUST00110,payment_failed,failed_payment,761.67,761.67,2026-07-27 03:00:00,EMI,failed,insufficient funds,True,True,,,,,,2,4,8,0.346,9680.67,frequent_failure,False,False,True,rarely_recovers,True,recovered,761.67,True,retry_succeeded,train
CASE00821,TXN000821,CUST00118,checkout_abandoned,checkout_abandonment,10085.24,10085.24,2026-06-30 05:00:00,UPI,abandoned,,True,False,,,,,,0,1,15,0.922,56091.92,reliable,False,False,True,usually_recovers_via_retry,True,recovered,10085.24,True,paid_after_reminder_or_link,train
CASE00822,TXN000822,CUST00247,payment_success,successful,2038.88,0.0,2026-08-14 16:00:00,UPI,success,,True,True,,,,,,0,0,18,0.904,34885.55,reliable,False,False,True,usually_recovers_via_retry,False,not_applicable,0.0,False,not_applicable,train
CASE00823,TXN000823,CUST00105,subscription_renewal_failed,failed_subscription,329.7,329.7,2026-08-12 18:00:00,UPI,failed_recurring,bank decline,,,failed,failed,,,,1,1,22,0.793,36036.8,reliable,False,False,True,usually_recovers_via_retry,True,recovered,329.7,True,retry_succeeded,validation
CASE00824,TXN000824,CUST00175,payment_failed,failed_payment,1055.51,1055.51,2026-08-15 16:00:00,UPI,failed,UPI timeout,True,True,,,,,,1,1,0,0.709,1679.1,new,False,False,True,new_customer,True,recovered,1055.51,True,retry_succeeded,validation
CASE00825,TXN000825,CUST00301,payment_success,successful,12974.67,0.0,2026-08-09 04:00:00,Wallet,success,,True,True,,,,,,0,0,21,0.924,56181.23,reliable,False,False,True,usually_recovers_via_retry,False,not_applicable,0.0,False,not_applicable,validation
CASE00826,TXN000826,CUST00379,payment_success,successful,3832.79,0.0,2026-06-03 23:00:00,Wallet,success,,True,True,,,,,,0,0,5,0.839,7507.27,occasional_failure,False,False,True,usually_needs_reminder,False,not_applicable,0.0,False,not_applicable,train
CASE00827,TXN000827,CUST00319,payment_failed,failed_payment,1466.42,1466.42,2026-05-22 08:00:00,UPI,failed,bank decline,True,True,,,,,,0,1,5,0.358,5714.27,occasional_failure,False,False,True,usually_needs_reminder,True,recovered,1466.42,True,retry_succeeded,train
CASE00828,TXN000828,CUST00270,invoice_overdue,overdue_receivable,4975.42,4975.42,2026-08-20 00:00:00,Netbanking,overdue,,,,,,overdue,2026-07-15,36.0,0,1,0,0.374,976.82,new,False,False,True,new_customer,False,not_recovered,0.0,True,no_recovery_within_window,test
CASE00829,TXN000829,CUST00064,payment_success,successful,1218.27,0.0,2026-05-28 05:00:00,Card,success,,True,True,,,,,,0,0,11,0.915,20033.02,reliable,False,False,True,usually_recovers_via_retry,False,not_applicable,0.0,False,not_applicable,train
CASE00830,TXN000830,CUST00369,payment_success,successful,979.76,0.0,2026-05-29 14:00:00,Card,success,,True,True,,,,,,0,0,4,0.439,4012.14,occasional_failure,False,False,True,usually_needs_reminder,False,not_applicable,0.0,False,not_applicable,train
CASE00831,TXN000831,CUST00015,subscription_renewal_failed,failed_subscription,281.5,281.5,2026-07-31 20:00:00,UPI,failed_recurring,insufficient funds,,,failed,active_pending_retry,,,,1,1,8,0.937,14637.78,occasional_failure,False,False,True,usually_needs_reminder,True,recovered,281.5,True,retry_succeeded,train
CASE00832,TXN000832,CUST00117,payment_success,successful,1522.16,0.0,2026-06-20 22:00:00,UPI,success,,True,True,,,,,,0,0,21,0.978,48720.88,reliable,False,False,True,usually_recovers_via_retry,False,not_applicable,0.0,False,not_applicable,train
CASE00833,TXN000833,CUST00023,payment_failed,failed_payment,2128.12,2128.12,2026-08-16 14:00:00,Card,failed,insufficient funds,True,True,,,,,,4,5,10,0.181,6316.7,frequent_failure,False,False,True,rarely_recovers,False,not_recovered,0.0,True,exceeded_retry_limit_unrecovered,train
CASE00834,TXN000834,CUST00306,payment_failed,failed_payment,275.02,275.02,2026-05-27 19:00:00,UPI,failed,bank decline,True,True,,,,,,0,0,5,0.728,6318.86,occasional_failure,False,False,True,usually_needs_reminder,False,not_recovered,0.0,True,no_recovery_within_window,validation
CASE00835,TXN000835,CUST00163,invoice_overdue,overdue_receivable,4836.49,4836.49,2026-08-20 00:00:00,Netbanking,overdue,,,,,,overdue,2026-05-30,82.0,0,1,0,0.751,1756.7,new,False,False,True,new_customer,True,recovered,3553.17,True,paid_after_reminder_or_link,train
CASE00836,TXN000836,CUST00300,payment_success,successful,3660.27,0.0,2026-07-19 07:00:00,UPI,success,,True,True,,,,,,0,0,16,0.959,32415.77,reliable,False,False,True,usually_recovers_via_retry,False,not_applicable,0.0,False,not_applicable,test
CASE00837,TXN000837,CUST00154,payment_success,successful,1185.81,0.0,2026-07-04 22:00:00,UPI,success,,True,True,,,,,,0,0,31,0.919,45601.57,reliable,False,False,True,usually_recovers_via_retry,False,not_applicable,0.0,False,not_applicable,train
CASE00838,TXN000838,CUST00203,payment_success,successful,1050.45,0.0,2026-06-22 21:00:00,UPI,success,,True,True,,,,,,0,0,6,0.921,14310.06,occasional_failure,False,False,True,usually_needs_reminder,False,not_applicable,0.0,False,not_applicable,train
CASE00839,TXN000839,CUST00206,payment_success,successful,1342.95,0.0,2026-06-07 20:00:00,UPI,success,,True,True,,,,,,0,0,2,0.65,1356.51,new,False,False,True,new_customer,False,not_applicable,0.0,False,not_applicable,train
CASE00840,TXN000840,CUST00019,payment_success,successful,4491.36,0.0,2026-07-03 20:00:00,Wallet,success,,True,True,,,,,,0,0,21,0.806,67105.75,reliable,False,False,True,usually_recovers_via_retry,False,not_applicable,0.0,False,not_applicable,train
CASE00841,TXN000841,CUST00191,payment_failed,failed_payment,576.24,576.24,2026-06-08 02:00:00,UPI,failed,UPI timeout,True,True,,,,,,2,4,11,0.207,5546.38,frequent_failure,False,True,False,rarely_recovers,False,not_recovered,0.0,True,high_risk_flag_unrecovered,train
CASE00842,TXN000842,CUST00296,payment_success,successful,1974.28,0.0,2026-05-31 02:00:00,Card,success,,True,True,,,,,,0,0,8,0.233,1148.42,frequent_failure,False,False,True,rarely_recovers,False,not_applicable,0.0,False,not_applicable,train
CASE00843,TXN000843,CUST00245,payment_failed,failed_payment,5773.51,5773.51,2026-08-01 02:00:00,Card,failed,authentication failure,True,True,,,,,,0,0,20,0.916,56592.62,reliable,False,False,True,usually_recovers_via_retry,False,not_recovered,0.0,True,no_recovery_within_window,train
CASE00844,TXN000844,CUST00031,payment_success,successful,9511.01,0.0,2026-07-03 23:00:00,Card,success,,True,True,,,,,,0,0,25,0.985,25873.75,reliable,False,False,True,usually_recovers_via_retry,False,not_applicable,0.0,False,not_applicable,train
CASE00845,TXN000845,CUST00307,payment_failed,failed_payment,1531.62,1531.62,2026-06-29 16:00:00,Wallet,failed,insufficient funds,True,True,,,,,,0,0,2,0.803,13310.14,occasional_failure,False,False,True,usually_needs_reminder,True,recovered,1531.62,True,retry_succeeded,train
CASE00846,TXN000846,CUST00137,subscription_renewal_failed,failed_subscription,336.63,336.63,2026-07-28 20:00:00,Card,failed_recurring,authentication failure,,,failed,failed,,,,0,0,5,0.181,1190.4,frequent_failure,False,False,True,rarely_recovers,False,not_recovered,0.0,True,no_recovery_within_window,train
CASE00847,TXN000847,CUST00006,invoice_overdue,overdue_receivable,5379.75,5379.75,2026-08-20 00:00:00,UPI,overdue,,,,,,overdue,2026-08-06,14.0,0,0,10,0.415,4007.17,frequent_failure,False,False,True,rarely_recovers,True,recovered,5098.62,True,paid_after_reminder_or_link,train
CASE00848,TXN000848,CUST00066,payment_success,successful,1820.82,0.0,2026-06-12 05:00:00,Card,success,,True,True,,,,,,0,0,16,0.893,50435.87,reliable,False,False,True,usually_recovers_via_retry,False,not_applicable,0.0,False,not_applicable,train
CASE00849,TXN000849,CUST00224,payment_success,successful,957.39,0.0,2026-06-15 17:00:00,Card,success,,True,True,,,,,,0,0,6,0.233,1254.63,frequent_failure,False,False,True,rarely_recovers,False,not_applicable,0.0,False,not_applicable,train
CASE00850,TXN000850,CUST00137,payment_success,successful,4976.38,0.0,2026-07-18 03:00:00,UPI,success,,True,True,,,,,,0,0,5,0.181,1190.4,frequent_failure,False,False,True,rarely_recovers,False,not_applicable,0.0,False,not_applicable,train
CASE00851,TXN000851,CUST00320,payment_failed,failed_payment,1260.47,1260.47,2026-07-17 09:00:00,Card,failed,insufficient funds,True,True,,,,,,0,0,6,0.275,6840.21,frequent_failure,False,False,True,rarely_recovers,True,recovered,1260.47,True,retry_succeeded,train
CASE00852,TXN000852,CUST00106,payment_success,successful,1552.69,0.0,2026-06-05 07:00:00,UPI,success,,True,True,,,,,,0,0,21,0.88,31617.28,reliable,False,False,True,usually_recovers_via_retry,False,not_applicable,0.0,False,not_applicable,train
CASE00853,TXN000853,CUST00351,checkout_abandoned,checkout_abandonment,1032.14,1032.14,2026-07-22 01:00:00,Netbanking,abandoned,,True,False,,,,,,0,0,20,0.919,47754.32,reliable,False,False,True,usually_recovers_via_retry,False,not_recovered,0.0,True,no_recovery_within_window,validation
CASE00854,TXN000854,CUST00126,subscription_renewal_failed,failed_subscription,678.02,678.02,2026-06-15 07:00:00,Netbanking,failed_recurring,network failure,,,failed,active_pending_retry,,,,0,1,9,0.786,4842.38,occasional_failure,False,False,True,usually_needs_reminder,True,recovered,678.02,True,retry_succeeded,train
CASE00855,TXN000855,CUST00285,payment_success,successful,808.08,0.0,2026-08-06 13:00:00,Card,success,,True,True,,,,,,0,0,16,0.803,53734.55,reliable,False,False,True,usually_recovers_via_retry,False,not_applicable,0.0,False,not_applicable,train
CASE00856,TXN000856,CUST00361,payment_failed,failed_payment,1181.42,1181.42,2026-06-29 13:00:00,Card,failed,insufficient funds,True,True,,,,,,1,1,6,0.171,6107.95,frequent_failure,False,False,True,rarely_recovers,True,recovered,1181.42,True,retry_succeeded,train
CASE00857,TXN000857,CUST00171,payment_failed,failed_payment,2379.98,2379.98,2026-08-19 13:00:00,UPI,failed,UPI timeout,True,True,,,,,,0,1,6,0.883,3704.62,occasional_failure,False,False,True,usually_needs_reminder,True,recovered,2379.98,True,retry_succeeded,validation
CASE00858,TXN000858,CUST00020,payment_success,successful,3521.75,0.0,2026-07-18 21:00:00,UPI,success,,True,True,,,,,,0,0,20,0.551,41564.41,reliable,False,False,True,usually_recovers_via_retry,False,not_applicable,0.0,False,not_applicable,test
CASE00859,TXN000859,CUST00241,checkout_abandoned,checkout_abandonment,2946.27,2946.27,2026-07-15 20:00:00,Card,abandoned,,True,False,,,,,,0,0,26,0.861,83539.16,reliable,False,False,True,usually_recovers_via_retry,True,recovered,2946.27,True,paid_after_reminder_or_link,test
CASE00860,TXN000860,CUST00448,payment_success,successful,889.36,0.0,2026-07-19 23:00:00,Wallet,success,,True,True,,,,,,0,0,17,0.918,31396.07,reliable,False,False,True,usually_recovers_via_retry,False,not_applicable,0.0,False,not_applicable,train
CASE00861,TXN000861,CUST00439,payment_success,successful,1977.29,0.0,2026-07-30 15:00:00,UPI,success,,True,True,,,,,,0,0,16,0.868,16973.62,reliable,False,False,True,usually_recovers_via_retry,False,not_applicable,0.0,False,not_applicable,train
CASE00862,TXN000862,CUST00097,payment_success,successful,4031.47,0.0,2026-07-08 12:00:00,UPI,success,,True,True,,,,,,0,0,6,0.931,7174.81,occasional_failure,False,False,True,usually_needs_reminder,False,not_applicable,0.0,False,not_applicable,train
CASE00863,TXN000863,CUST00345,payment_success,successful,4159.05,0.0,2026-07-19 01:00:00,Netbanking,success,,True,True,,,,,,0,0,16,0.989,21087.69,reliable,False,False,True,usually_recovers_via_retry,False,not_applicable,0.0,False,not_applicable,train
CASE00864,TXN000864,CUST00154,invoice_overdue,overdue_receivable,32562.84,32562.84,2026-08-20 00:00:00,Card,overdue,,,,,,overdue,2026-07-01,50.0,0,0,31,0.919,45601.57,reliable,False,False,True,usually_recovers_via_retry,True,recovered,31834.96,True,paid_after_reminder_or_link,train
CASE00865,TXN000865,CUST00067,payment_success,successful,20247.42,0.0,2026-07-04 04:00:00,Card,success,,True,True,,,,,,0,0,17,0.977,21475.89,reliable,False,False,True,usually_recovers_via_retry,False,not_applicable,0.0,False,not_applicable,train
CASE00866,TXN000866,CUST00305,subscription_renewal_failed,failed_subscription,650.62,650.62,2026-07-10 01:00:00,Wallet,failed_recurring,network failure,,,failed,failed,,,,2,3,24,0.864,214255.14,reliable,False,False,True,usually_recovers_via_retry,True,recovered,650.62,True,retry_succeeded,test
CASE00867,TXN000867,CUST00225,subscription_renewal_failed,failed_subscription,702.69,702.69,2026-05-26 11:00:00,UPI,failed_recurring,insufficient funds,,,failed,failed,,,,0,0,6,0.796,5639.92,occasional_failure,False,False,True,usually_needs_reminder,True,recovered,702.69,True,retry_succeeded,validation
CASE00868,TXN000868,CUST00242,payment_success,successful,2164.44,0.0,2026-08-03 08:00:00,UPI,success,,True,True,,,,,,0,0,15,0.965,18577.75,reliable,False,False,True,usually_recovers_via_retry,False,not_applicable,0.0,False,not_applicable,train
CASE00869,TXN000869,CUST00374,payment_success,successful,562.43,0.0,2026-05-31 12:00:00,UPI,success,,True,True,,,,,,0,0,8,0.895,11298.65,occasional_failure,False,False,True,usually_needs_reminder,False,not_applicable,0.0,False,not_applicable,train
CASE00870,TXN000870,CUST00149,subscription_renewal_failed,failed_subscription,261.93,261.93,2026-07-14 05:00:00,UPI,failed_recurring,bank decline,,,failed,failed,,,,3,3,5,0.794,7137.98,occasional_failure,False,False,True,usually_needs_reminder,True,recovered,261.93,True,retry_succeeded,train
CASE00871,TXN000871,CUST00306,payment_success,successful,92.34,0.0,2026-07-03 13:00:00,UPI,success,,True,True,,,,,,0,0,5,0.728,6318.86,occasional_failure,False,False,True,usually_needs_reminder,False,not_applicable,0.0,False,not_applicable,validation
CASE00872,TXN000872,CUST00162,checkout_abandoned,checkout_abandonment,3149.13,3149.13,2026-07-26 20:00:00,UPI,abandoned,,True,False,,,,,,0,0,6,0.434,8914.71,frequent_failure,False,False,True,rarely_recovers,True,recovered,3149.13,True,paid_after_reminder_or_link,train
CASE00873,TXN000873,CUST00018,payment_success,successful,1714.45,0.0,2026-08-14 07:00:00,Card,success,,True,True,,,,,,0,0,0,0.462,2348.58,new,False,False,True,new_customer,False,not_applicable,0.0,False,not_applicable,train
CASE00874,TXN000874,CUST00168,payment_success,successful,13326.76,0.0,2026-08-11 23:00:00,Card,success,,True,True,,,,,,0,0,25,0.964,135532.19,reliable,False,False,True,usually_recovers_via_retry,False,not_applicable,0.0,False,not_applicable,train
CASE00875,TXN000875,CUST00430,payment_success,successful,4188.63,0.0,2026-08-16 13:00:00,UPI,success,,True,True,,,,,,0,0,34,0.822,157901.9,reliable,False,False,True,usually_recovers_via_retry,False,not_applicable,0.0,False,not_applicable,test
CASE00876,TXN000876,CUST00216,payment_success,successful,2352.6,0.0,2026-07-21 20:00:00,Card,success,,True,True,,,,,,0,0,15,0.935,15546.34,reliable,False,False,True,usually_recovers_via_retry,False,not_applicable,0.0,False,not_applicable,train
CASE00877,TXN000877,CUST00047,payment_success,successful,3371.75,0.0,2026-06-25 03:00:00,Netbanking,success,,True,True,,,,,,0,0,4,0.87,8398.31,occasional_failure,False,False,True,usually_needs_reminder,False,not_applicable,0.0,False,not_applicable,train
CASE00878,TXN000878,CUST00318,payment_success,successful,3259.68,0.0,2026-07-06 20:00:00,Card,success,,True,True,,,,,,0,0,22,0.891,58256.72,reliable,False,False,True,usually_recovers_via_retry,False,not_applicable,0.0,False,not_applicable,train
CASE00879,TXN000879,CUST00434,subscription_renewal_failed,failed_subscription,1793.71,1793.71,2026-06-07 21:00:00,Card,failed_recurring,bank decline,,,failed,failed,,,,1,1,21,0.869,118487.22,reliable,False,True,False,usually_recovers_via_retry,False,not_recovered,0.0,True,high_risk_flag_unrecovered,train
CASE00880,TXN000880,CUST00409,checkout_abandoned,checkout_abandonment,372.99,372.99,2026-08-14 18:00:00,UPI,abandoned,,True,False,,,,,,0,1,1,0.568,871.55,new,False,False,True,new_customer,False,not_recovered,0.0,True,no_recovery_within_window,train
CASE00881,TXN000881,CUST00256,payment_success,successful,1003.54,0.0,2026-06-10 18:00:00,Card,success,,True,True,,,,,,0,0,14,0.769,29928.72,reliable,False,False,True,usually_recovers_via_retry,False,not_applicable,0.0,False,not_applicable,test
CASE00882,TXN000882,CUST00167,payment_success,successful,3569.79,0.0,2026-07-10 17:00:00,Card,success,,True,True,,,,,,0,0,22,0.902,299943.68,reliable,False,False,True,usually_recovers_via_retry,False,not_applicable,0.0,False,not_applicable,train
CASE00883,TXN000883,CUST00260,payment_success,successful,482.73,0.0,2026-06-07 14:00:00,Card,success,,True,True,,,,,,0,0,14,0.89,27974.34,reliable,False,False,True,usually_recovers_via_retry,False,not_applicable,0.0,False,not_applicable,train
CASE00884,TXN000884,CUST00369,subscription_renewal_failed,failed_subscription,927.48,927.48,2026-07-17 01:00:00,Card,failed_recurring,authentication failure,,,failed,failed,,,,2,2,4,0.439,4012.14,occasional_failure,False,False,True,usually_needs_reminder,True,recovered,927.48,True,retry_succeeded,train
CASE00885,TXN000885,CUST00388,subscription_renewal_failed,failed_subscription,220.98,220.98,2026-08-13 20:00:00,UPI,failed_recurring,UPI timeout,,,failed,failed,,,,0,0,7,0.214,5095.2,frequent_failure,False,False,True,rarely_recovers,False,not_recovered,0.0,True,no_recovery_within_window,validation
CASE00886,TXN000886,CUST00370,subscription_renewal_failed,failed_subscription,1475.98,1475.98,2026-06-24 12:00:00,Card,failed_recurring,authentication failure,,,failed,active_pending_retry,,,,2,2,26,0.968,225134.82,reliable,False,False,True,usually_recovers_via_retry,True,recovered,1475.98,True,retry_succeeded,train
CASE00887,TXN000887,CUST00203,checkout_abandoned,checkout_abandonment,649.59,649.59,2026-07-18 08:00:00,UPI,abandoned,,True,False,,,,,,0,1,6,0.921,14310.06,occasional_failure,False,False,True,usually_needs_reminder,True,recovered,649.59,True,paid_after_reminder_or_link,train
CASE00888,TXN000888,CUST00053,payment_success,successful,2023.81,0.0,2026-08-05 00:00:00,Wallet,success,,True,True,,,,,,0,0,10,0.921,56483.36,reliable,False,False,True,usually_recovers_via_retry,False,not_applicable,0.0,False,not_applicable,train
CASE00889,TXN000889,CUST00256,checkout_abandoned,checkout_abandonment,2582.55,2582.55,2026-06-20 12:00:00,Netbanking,abandoned,,True,False,,,,,,0,0,14,0.769,29928.72,reliable,False,False,True,usually_recovers_via_retry,True,recovered,2582.55,True,paid_after_reminder_or_link,test
CASE00890,TXN000890,CUST00066,payment_success,successful,3393.11,0.0,2026-07-21 17:00:00,Netbanking,success,,True,True,,,,,,0,0,16,0.893,50435.87,reliable,False,False,True,usually_recovers_via_retry,False,not_applicable,0.0,False,not_applicable,train
CASE00891,TXN000891,CUST00025,payment_success,successful,877.46,0.0,2026-07-13 18:00:00,UPI,success,,True,True,,,,,,0,0,20,0.933,19585.24,reliable,False,False,True,usually_recovers_via_retry,False,not_applicable,0.0,False,not_applicable,train
CASE00892,TXN000892,CUST00224,payment_success,successful,1088.28,0.0,2026-07-12 08:00:00,Netbanking,success,,True,True,,,,,,0,0,6,0.233,1254.63,frequent_failure,False,False,True,rarely_recovers,False,not_applicable,0.0,False,not_applicable,train
CASE00893,TXN000893,CUST00301,payment_success,successful,2838.17,0.0,2026-06-10 16:00:00,Netbanking,success,,True,True,,,,,,0,0,21,0.924,56181.23,reliable,False,False,True,usually_recovers_via_retry,False,not_applicable,0.0,False,not_applicable,validation
CASE00894,TXN000894,CUST00386,payment_success,successful,951.33,0.0,2026-06-06 19:00:00,Netbanking,success,,True,True,,,,,,0,0,6,0.245,8456.47,frequent_failure,False,False,True,rarely_recovers,False,not_applicable,0.0,False,not_applicable,train
CASE00895,TXN000895,CUST00356,payment_success,successful,1416.92,0.0,2026-08-10 13:00:00,Wallet,success,,True,True,,,,,,0,0,5,0.612,5488.47,occasional_failure,False,False,True,usually_needs_reminder,False,not_applicable,0.0,False,not_applicable,train
CASE00896,TXN000896,CUST00387,payment_success,successful,1316.23,0.0,2026-06-19 04:00:00,Card,success,,True,True,,,,,,0,0,20,0.858,20044.47,reliable,False,False,True,usually_recovers_via_retry,False,not_applicable,0.0,False,not_applicable,train
CASE00897,TXN000897,CUST00346,checkout_abandoned,checkout_abandonment,775.28,775.28,2026-08-02 05:00:00,Card,abandoned,,True,False,,,,,,0,1,15,0.954,39622.48,reliable,False,False,True,usually_recovers_via_retry,False,not_recovered,0.0,True,no_recovery_within_window,train
CASE00898,TXN000898,CUST00324,payment_success,successful,2944.35,0.0,2026-07-27 23:00:00,UPI,success,,True,True,,,,,,0,0,5,0.905,11190.72,occasional_failure,False,False,True,usually_needs_reminder,False,not_applicable,0.0,False,not_applicable,train
CASE00899,TXN000899,CUST00004,payment_success,successful,13751.28,0.0,2026-06-18 05:00:00,UPI,success,,True,True,,,,,,0,0,19,0.737,40760.61,reliable,False,False,True,usually_recovers_via_retry,False,not_applicable,0.0,False,not_applicable,validation
CASE00900,TXN000900,CUST00288,subscription_renewal_failed,failed_subscription,970.52,970.52,2026-06-17 18:00:00,Card,failed_recurring,bank decline,,,failed,active_pending_retry,,,,2,2,2,0.733,6937.21,occasional_failure,False,False,True,usually_needs_reminder,True,recovered,970.52,True,retry_succeeded,train
CASE00901,TXN000901,CUST00054,checkout_abandoned,checkout_abandonment,2896.73,2896.73,2026-06-12 00:00:00,UPI,abandoned,,True,False,,,,,,0,0,17,0.841,22975.6,reliable,False,False,True,usually_recovers_via_retry,True,recovered,2896.73,True,paid_after_reminder_or_link,train
CASE00902,TXN000902,CUST00024,subscription_renewal_failed,failed_subscription,1275.62,1275.62,2026-07-10 15:00:00,UPI,failed_recurring,network failure,,,failed,failed,,,,0,0,21,0.827,250073.86,reliable,False,False,True,usually_recovers_via_retry,True,recovered,1275.62,True,retry_succeeded,train
CASE00903,TXN000903,CUST00066,payment_success,successful,2192.15,0.0,2026-07-30 17:00:00,Card,success,,True,True,,,,,,0,0,16,0.893,50435.87,reliable,False,False,True,usually_recovers_via_retry,False,not_applicable,0.0,False,not_applicable,train
CASE00904,TXN000904,CUST00372,payment_failed,failed_payment,1135.18,1135.18,2026-07-23 01:00:00,UPI,failed,UPI timeout,True,True,,,,,,1,1,9,0.652,13080.68,occasional_failure,False,False,True,usually_needs_reminder,True,recovered,1135.18,True,retry_succeeded,test
CASE00905,TXN000905,CUST00341,payment_failed,failed_payment,3758.23,3758.23,2026-06-30 11:00:00,EMI,failed,bank decline,True,True,,,,,,0,0,0,0.627,1102.44,new,False,False,True,new_customer,False,not_recovered,0.0,True,no_recovery_within_window,train
CASE00906,TXN000906,CUST00429,checkout_abandoned,checkout_abandonment,1088.14,1088.14,2026-08-17 05:00:00,UPI,abandoned,,True,False,,,,,,0,0,1,0.399,801.44,new,False,False,True,new_customer,True,recovered,1088.14,True,paid_after_reminder_or_link,test
CASE00907,TXN000907,CUST00442,checkout_abandoned,checkout_abandonment,3776.48,3776.48,2026-07-03 11:00:00,Netbanking,abandoned,,True,False,,,,,,0,0,1,0.727,2629.1,new,False,False,True,new_customer,True,recovered,3776.48,True,paid_after_reminder_or_link,validation
CASE00908,TXN000908,CUST00403,payment_success,successful,450.22,0.0,2026-07-27 19:00:00,Netbanking,success,,True,True,,,,,,0,0,18,0.916,40843.38,reliable,False,False,True,usually_recovers_via_retry,False,not_applicable,0.0,False,not_applicable,train
CASE00909,TXN000909,CUST00058,payment_success,successful,3528.63,0.0,2026-06-23 05:00:00,UPI,success,,True,True,,,,,,0,0,15,0.906,39393.56,reliable,False,False,True,usually_recovers_via_retry,False,not_applicable,0.0,False,not_applicable,test
CASE00910,TXN000910,CUST00395,checkout_abandoned,checkout_abandonment,1194.76,1194.76,2026-06-16 04:00:00,UPI,abandoned,,True,False,,,,,,0,0,1,0.721,2533.82,new,False,False,True,new_customer,True,recovered,1194.76,True,paid_after_reminder_or_link,train
CASE00911,TXN000911,CUST00380,checkout_abandoned,checkout_abandonment,6400.99,6400.99,2026-07-15 18:00:00,Card,abandoned,,True,False,,,,,,0,1,16,0.846,39062.25,reliable,False,True,False,usually_recovers_via_retry,False,not_recovered,0.0,True,high_risk_flag_unrecovered,train
CASE00912,TXN000912,CUST00393,subscription_renewal_failed,failed_subscription,299.96,299.96,2026-06-17 20:00:00,Card,failed_recurring,authentication failure,,,failed,failed,,,,2,3,16,0.973,27369.47,reliable,False,False,True,usually_recovers_via_retry,True,recovered,299.96,True,retry_succeeded,train
CASE00913,TXN000913,CUST00065,payment_success,successful,1545.21,0.0,2026-06-18 14:00:00,UPI,success,,True,True,,,,,,0,0,17,0.903,59973.99,reliable,False,False,True,usually_recovers_via_retry,False,not_applicable,0.0,False,not_applicable,train
CASE00914,TXN000914,CUST00053,payment_success,successful,3948.69,0.0,2026-06-13 10:00:00,Netbanking,success,,True,True,,,,,,0,0,10,0.921,56483.36,reliable,False,False,True,usually_recovers_via_retry,False,not_applicable,0.0,False,not_applicable,train
CASE00915,TXN000915,CUST00417,checkout_abandoned,checkout_abandonment,434.64,434.64,2026-08-02 03:00:00,EMI,abandoned,,True,False,,,,,,0,1,0,0.318,953.64,new,False,False,True,new_customer,True,recovered,434.64,True,paid_after_reminder_or_link,train
CASE00916,TXN000916,CUST00076,payment_success,successful,2231.82,0.0,2026-07-01 11:00:00,UPI,success,,True,True,,,,,,0,0,4,0.575,13323.38,occasional_failure,False,False,True,usually_needs_reminder,False,not_applicable,0.0,False,not_applicable,train
CASE00917,TXN000917,CUST00163,payment_failed,failed_payment,399.67,399.67,2026-05-27 04:00:00,Netbanking,failed,network failure,True,True,,,,,,2,2,0,0.751,1756.7,new,False,False,True,new_customer,True,recovered,399.67,True,retry_succeeded,train
CASE00918,TXN000918,CUST00203,payment_success,successful,7277.05,0.0,2026-07-22 03:00:00,Card,success,,True,True,,,,,,0,0,6,0.921,14310.06,occasional_failure,False,False,True,usually_needs_reminder,False,not_applicable,0.0,False,not_applicable,train
CASE00919,TXN000919,CUST00055,checkout_abandoned,checkout_abandonment,1215.37,1215.37,2026-05-27 15:00:00,UPI,abandoned,,True,False,,,,,,0,0,20,0.86,40281.85,reliable,False,False,True,usually_recovers_via_retry,True,recovered,1215.37,True,paid_after_reminder_or_link,validation
CASE00920,TXN000920,CUST00008,checkout_abandoned,checkout_abandonment,4287.04,4287.04,2026-05-23 21:00:00,UPI,abandoned,,True,False,,,,,,0,0,21,0.938,15482.74,reliable,False,False,True,usually_recovers_via_retry,True,recovered,4287.04,True,paid_after_reminder_or_link,train
CASE00921,TXN000921,CUST00448,invoice_overdue,overdue_receivable,27481.97,27481.97,2026-08-20 00:00:00,UPI,overdue,,,,,,overdue,2026-08-04,16.0,0,0,17,0.918,31396.07,reliable,False,False,True,usually_recovers_via_retry,True,recovered,20094.82,True,paid_after_reminder_or_link,train
CASE00922,TXN000922,CUST00394,payment_success,successful,559.71,0.0,2026-07-25 12:00:00,UPI,success,,True,True,,,,,,0,0,21,0.889,26266.95,reliable,False,False,True,usually_recovers_via_retry,False,not_applicable,0.0,False,not_applicable,train
CASE00923,TXN000923,CUST00411,payment_success,successful,853.32,0.0,2026-07-08 21:00:00,Netbanking,success,,True,True,,,,,,0,0,21,0.884,25153.71,reliable,False,False,True,usually_recovers_via_retry,False,not_applicable,0.0,False,not_applicable,train
CASE00924,TXN000924,CUST00124,payment_success,successful,1143.02,0.0,2026-06-27 19:00:00,UPI,success,,True,True,,,,,,0,0,6,0.916,14062.77,occasional_failure,False,False,True,usually_needs_reminder,False,not_applicable,0.0,False,not_applicable,validation
CASE00925,TXN000925,CUST00097,checkout_abandoned,checkout_abandonment,523.63,523.63,2026-05-27 08:00:00,UPI,abandoned,,True,False,,,,,,0,1,6,0.931,7174.81,occasional_failure,False,False,True,usually_needs_reminder,True,recovered,523.63,True,paid_after_reminder_or_link,train
CASE00926,TXN000926,CUST00189,payment_success,successful,1106.28,0.0,2026-07-17 08:00:00,EMI,success,,True,True,,,,,,0,0,18,0.943,44580.03,reliable,False,False,True,usually_recovers_via_retry,False,not_applicable,0.0,False,not_applicable,train
CASE00927,TXN000927,CUST00202,subscription_renewal_failed,failed_subscription,154.26,154.26,2026-06-14 12:00:00,Card,failed_recurring,bank decline,,,failed,failed,,,,4,4,8,0.097,5007.31,frequent_failure,False,False,True,rarely_recovers,False,not_recovered,0.0,True,exceeded_retry_limit_unrecovered,train
CASE00928,TXN000928,CUST00003,checkout_abandoned,checkout_abandonment,10115.79,10115.79,2026-07-17 11:00:00,Card,abandoned,,True,False,,,,,,0,0,19,0.855,158834.62,reliable,False,False,True,usually_recovers_via_retry,True,recovered,10115.79,True,paid_after_reminder_or_link,train
CASE00929,TXN000929,CUST00354,payment_success,successful,4891.91,0.0,2026-06-13 12:00:00,Netbanking,success,,True,True,,,,,,0,0,18,0.918,37964.67,reliable,False,False,True,usually_recovers_via_retry,False,not_applicable,0.0,False,not_applicable,train
CASE00930,TXN000930,CUST00450,payment_failed,failed_payment,5516.11,5516.11,2026-06-01 16:00:00,Card,failed,insufficient funds,True,True,,,,,,0,0,17,0.946,42546.74,reliable,False,False,True,usually_recovers_via_retry,False,not_recovered,0.0,True,no_recovery_within_window,train
CASE00931,TXN000931,CUST00237,invoice_overdue,overdue_receivable,4022.89,4022.89,2026-08-20 00:00:00,Netbanking,overdue,,,,,,overdue,2026-08-05,15.0,0,0,3,0.887,6085.81,occasional_failure,False,False,True,usually_needs_reminder,True,recovered,2548.78,True,paid_after_reminder_or_link,train
CASE00932,TXN000932,CUST00172,checkout_abandoned,checkout_abandonment,640.85,640.85,2026-06-23 03:00:00,Card,abandoned,,True,False,,,,,,0,0,5,0.856,10547.38,occasional_failure,False,False,True,usually_needs_reminder,True,recovered,640.85,True,paid_after_reminder_or_link,train
CASE00933,TXN000933,CUST00174,subscription_renewal_failed,failed_subscription,352.2,352.2,2026-07-09 00:00:00,Card,failed_recurring,insufficient funds,,,failed,active_pending_retry,,,,0,0,6,0.698,3692.13,frequent_failure,True,False,False,rarely_recovers,True,recovered,352.2,True,retry_succeeded,validation
CASE00934,TXN000934,CUST00043,invoice_overdue,overdue_receivable,2743.83,2743.83,2026-08-20 00:00:00,Card,overdue,,,,,,overdue,2026-07-14,37.0,0,0,15,0.95,23359.48,reliable,False,False,True,usually_recovers_via_retry,False,not_recovered,0.0,True,no_recovery_within_window,test
CASE00935,TXN000935,CUST00117,subscription_renewal_failed,failed_subscription,864.65,864.65,2026-07-17 18:00:00,Wallet,failed_recurring,bank decline,,,failed,failed,,,,0,1,21,0.978,48720.88,reliable,False,False,True,usually_recovers_via_retry,True,recovered,864.65,True,retry_succeeded,train
CASE00936,TXN000936,CUST00226,invoice_overdue,overdue_receivable,8015.44,8015.44,2026-08-20 00:00:00,UPI,overdue,,,,,,overdue,2026-08-04,16.0,0,2,9,0.39,3208.21,frequent_failure,False,False,True,rarely_recovers,False,not_recovered,0.0,True,no_recovery_within_window,train
CASE00937,TXN000937,CUST00191,invoice_overdue,overdue_receivable,8474.67,8474.67,2026-08-20 00:00:00,Netbanking,overdue,,,,,,overdue,2026-08-02,18.0,0,0,11,0.207,5546.38,frequent_failure,False,True,False,rarely_recovers,False,not_recovered,0.0,True,high_risk_flag_unrecovered,train
CASE00938,TXN000938,CUST00245,payment_success,successful,3038.79,0.0,2026-08-10 12:00:00,UPI,success,,True,True,,,,,,0,0,20,0.916,56592.62,reliable,False,False,True,usually_recovers_via_retry,False,not_applicable,0.0,False,not_applicable,train
CASE00939,TXN000939,CUST00383,payment_success,successful,2942.7,0.0,2026-08-12 10:00:00,Card,success,,True,True,,,,,,0,0,15,0.915,19933.59,reliable,False,False,True,usually_recovers_via_retry,False,not_applicable,0.0,False,not_applicable,test
CASE00940,TXN000940,CUST00100,payment_success,successful,382.41,0.0,2026-06-15 04:00:00,UPI,success,,True,True,,,,,,0,0,8,0.183,9832.48,frequent_failure,False,False,True,rarely_recovers,False,not_applicable,0.0,False,not_applicable,validation
CASE00941,TXN000941,CUST00012,invoice_overdue,overdue_receivable,1313.79,1313.79,2026-08-20 00:00:00,UPI,overdue,,,,,,overdue,2026-06-15,66.0,0,1,6,0.415,6284.12,frequent_failure,False,False,True,rarely_recovers,False,not_recovered,0.0,True,no_recovery_within_window,train
CASE00942,TXN000942,CUST00016,payment_failed,failed_payment,3975.66,3975.66,2026-06-13 23:00:00,Card,failed,bank decline,True,True,,,,,,0,1,1,0.702,1724.25,new,False,False,True,new_customer,True,recovered,3975.66,True,retry_succeeded,validation
CASE00943,TXN000943,CUST00058,payment_success,successful,1953.69,0.0,2026-07-25 01:00:00,Netbanking,success,,True,True,,,,,,0,0,15,0.906,39393.56,reliable,False,False,True,usually_recovers_via_retry,False,not_applicable,0.0,False,not_applicable,test
CASE00944,TXN000944,CUST00256,payment_success,successful,2569.34,0.0,2026-08-19 05:00:00,Netbanking,success,,True,True,,,,,,0,0,14,0.769,29928.72,reliable,False,False,True,usually_recovers_via_retry,False,not_applicable,0.0,False,not_applicable,test
CASE00945,TXN000945,CUST00367,subscription_renewal_failed,failed_subscription,302.66,302.66,2026-06-06 01:00:00,UPI,failed_recurring,insufficient funds,,,failed,failed,,,,0,0,20,0.885,59921.52,reliable,False,False,True,usually_recovers_via_retry,True,recovered,302.66,True,retry_succeeded,test
CASE00946,TXN000946,CUST00399,subscription_renewal_failed,failed_subscription,492.79,492.79,2026-08-19 04:00:00,UPI,failed_recurring,UPI timeout,,,failed,active_pending_retry,,,,0,1,8,0.623,11102.05,occasional_failure,False,False,True,usually_needs_reminder,True,recovered,492.79,True,retry_succeeded,train
CASE00947,TXN000947,CUST00293,subscription_renewal_failed,failed_subscription,162.27,162.27,2026-07-31 11:00:00,Card,failed_recurring,bank decline,,,failed,failed,,,,1,1,5,0.083,7453.51,frequent_failure,False,False,True,rarely_recovers,False,not_recovered,0.0,True,no_recovery_within_window,train
CASE00948,TXN000948,CUST00180,payment_success,successful,4000.07,0.0,2026-07-11 10:00:00,Wallet,success,,True,True,,,,,,0,0,23,0.935,37529.74,reliable,False,False,True,usually_recovers_via_retry,False,not_applicable,0.0,False,not_applicable,validation
CASE00949,TXN000949,CUST00066,checkout_abandoned,checkout_abandonment,8059.68,8059.68,2026-06-14 15:00:00,UPI,abandoned,,True,False,,,,,,0,0,16,0.893,50435.87,reliable,False,False,True,usually_recovers_via_retry,True,recovered,8059.68,True,paid_after_reminder_or_link,train
CASE00950,TXN000950,CUST00179,payment_success,successful,2122.41,0.0,2026-06-30 00:00:00,Card,success,,True,True,,,,,,0,0,20,0.796,267011.47,reliable,False,False,True,usually_recovers_via_retry,False,not_applicable,0.0,False,not_applicable,test
CASE00951,TXN000951,CUST00147,payment_success,successful,3009.72,0.0,2026-08-17 02:00:00,UPI,success,,True,True,,,,,,0,0,8,0.819,11250.41,occasional_failure,False,False,True,usually_needs_reminder,False,not_applicable,0.0,False,not_applicable,train
CASE00952,TXN000952,CUST00392,payment_success,successful,4329.14,0.0,2026-08-19 08:00:00,Card,success,,True,True,,,,,,0,0,1,0.473,2165.54,new,False,False,True,new_customer,False,not_applicable,0.0,False,not_applicable,validation
CASE00953,TXN000953,CUST00219,subscription_renewal_failed,failed_subscription,332.32,332.32,2026-08-06 20:00:00,UPI,failed_recurring,UPI timeout,,,failed,active_pending_retry,,,,3,4,7,0.254,1296.42,frequent_failure,False,False,True,rarely_recovers,False,not_recovered,0.0,True,exceeded_retry_limit_unrecovered,test
CASE00954,TXN000954,CUST00100,checkout_abandoned,checkout_abandonment,1662.07,1662.07,2026-07-07 18:00:00,UPI,abandoned,,True,False,,,,,,0,1,8,0.183,9832.48,frequent_failure,False,False,True,rarely_recovers,True,recovered,1662.07,True,paid_after_reminder_or_link,validation
CASE00955,TXN000955,CUST00127,checkout_abandoned,checkout_abandonment,2495.08,2495.08,2026-07-22 08:00:00,Netbanking,abandoned,,True,False,,,,,,0,1,4,0.675,13917.56,occasional_failure,False,False,True,usually_needs_reminder,False,not_recovered,0.0,True,no_recovery_within_window,test
CASE00956,TXN000956,CUST00059,payment_success,successful,5082.94,0.0,2026-06-03 13:00:00,Netbanking,success,,True,True,,,,,,0,0,1,0.309,2213.57,new,False,False,True,new_customer,False,not_applicable,0.0,False,not_applicable,train
CASE00957,TXN000957,CUST00413,subscription_renewal_failed,failed_subscription,667.1,667.1,2026-07-31 19:00:00,EMI,failed_recurring,authentication failure,,,failed,active_pending_retry,,,,0,0,0,0.394,663.04,new,False,False,True,new_customer,True,recovered,667.1,True,retry_succeeded,train
CASE00958,TXN000958,CUST00021,subscription_renewal_failed,failed_subscription,473.04,473.04,2026-06-17 18:00:00,UPI,failed_recurring,bank decline,,,failed,active_pending_retry,,,,0,0,23,0.981,59943.45,reliable,False,False,True,usually_recovers_via_retry,True,recovered,473.04,True,retry_succeeded,validation
CASE00959,TXN000959,CUST00006,payment_failed,failed_payment,1204.07,1204.07,2026-06-01 11:00:00,UPI,failed,UPI timeout,True,True,,,,,,1,2,10,0.415,4007.17,frequent_failure,False,False,True,rarely_recovers,True,recovered,1204.07,True,retry_succeeded,train
CASE00960,TXN000960,CUST00079,invoice_overdue,overdue_receivable,11494.72,11494.72,2026-08-20 00:00:00,Card,overdue,,,,,,overdue,2026-07-27,24.0,0,0,16,0.95,37438.78,reliable,False,False,True,usually_recovers_via_retry,True,recovered,9864.99,True,paid_after_reminder_or_link,train
CASE00961,TXN000961,CUST00367,payment_success,successful,1490.54,0.0,2026-07-19 12:00:00,Card,success,,True,True,,,,,,0,0,20,0.885,59921.52,reliable,False,False,True,usually_recovers_via_retry,False,not_applicable,0.0,False,not_applicable,test
CASE00962,TXN000962,CUST00235,payment_failed,failed_payment,1192.61,1192.61,2026-08-01 16:00:00,UPI,failed,UPI timeout,True,True,,,,,,1,1,7,0.549,2517.8,frequent_failure,False,False,True,rarely_recovers,True,recovered,1192.61,True,retry_succeeded,test
CASE00963,TXN000963,CUST00288,payment_success,successful,310.14,0.0,2026-06-09 12:00:00,Card,success,,True,True,,,,,,0,0,2,0.733,6937.21,occasional_failure,False,False,True,usually_needs_reminder,False,not_applicable,0.0,False,not_applicable,train
CASE00964,TXN000964,CUST00159,invoice_overdue,overdue_receivable,19121.83,19121.83,2026-08-20 00:00:00,EMI,overdue,,,,,,overdue,2026-05-30,82.0,0,0,16,0.911,56783.68,reliable,False,False,True,usually_recovers_via_retry,False,not_recovered,0.0,True,no_recovery_within_window,train
CASE00965,TXN000965,CUST00030,payment_failed,failed_payment,897.5,897.5,2026-06-03 19:00:00,UPI,failed,UPI timeout,True,True,,,,,,0,1,15,0.972,21770.43,reliable,False,False,True,usually_recovers_via_retry,True,recovered,897.5,True,retry_succeeded,train
CASE00966,TXN000966,CUST00386,payment_success,successful,1167.94,0.0,2026-05-31 05:00:00,Card,success,,True,True,,,,,,0,0,6,0.245,8456.47,frequent_failure,False,False,True,rarely_recovers,False,not_applicable,0.0,False,not_applicable,train
CASE00967,TXN000967,CUST00082,payment_success,successful,417.91,0.0,2026-07-09 10:00:00,UPI,success,,True,True,,,,,,0,0,6,0.833,7669.16,occasional_failure,False,False,True,usually_needs_reminder,False,not_applicable,0.0,False,not_applicable,train
CASE00968,TXN000968,CUST00013,subscription_renewal_failed,failed_subscription,729.86,729.86,2026-06-12 01:00:00,Card,failed_recurring,bank decline,,,failed,failed,,,,0,1,18,0.869,22987.8,reliable,False,False,True,usually_recovers_via_retry,False,not_recovered,0.0,True,no_recovery_within_window,train
CASE00969,TXN000969,CUST00256,payment_success,successful,1305.31,0.0,2026-06-19 21:00:00,UPI,success,,True,True,,,,,,0,0,14,0.769,29928.72,reliable,False,False,True,usually_recovers_via_retry,False,not_applicable,0.0,False,not_applicable,test
CASE00970,TXN000970,CUST00035,payment_success,successful,1363.04,0.0,2026-06-07 02:00:00,UPI,success,,True,True,,,,,,0,0,8,0.627,13034.94,occasional_failure,True,False,False,usually_needs_reminder,False,not_applicable,0.0,False,not_applicable,test
CASE00971,TXN000971,CUST00042,payment_success,successful,1735.14,0.0,2026-07-24 18:00:00,Card,success,,True,True,,,,,,0,0,24,0.846,224294.9,reliable,False,False,True,usually_recovers_via_retry,False,not_applicable,0.0,False,not_applicable,test
CASE00972,TXN000972,CUST00362,payment_success,successful,248.27,0.0,2026-05-31 05:00:00,Card,success,,True,True,,,,,,0,0,0,0.194,1336.16,new,False,False,True,new_customer,False,not_applicable,0.0,False,not_applicable,train
CASE00973,TXN000973,CUST00221,payment_failed,failed_payment,1735.9,1735.9,2026-07-20 02:00:00,Card,failed,network failure,True,True,,,,,,0,3,7,0.786,6116.91,occasional_failure,False,False,True,usually_needs_reminder,True,recovered,1735.9,True,retry_succeeded,test
CASE00974,TXN000974,CUST00106,invoice_overdue,overdue_receivable,1056.28,1056.28,2026-08-20 00:00:00,Card,overdue,,,,,,overdue,2026-08-03,17.0,0,2,21,0.88,31617.28,reliable,False,False,True,usually_recovers_via_retry,True,recovered,869.3,True,paid_after_reminder_or_link,train
CASE00975,TXN000975,CUST00156,payment_success,successful,626.96,0.0,2026-07-02 07:00:00,UPI,success,,True,True,,,,,,0,0,16,0.598,20883.83,reliable,False,False,True,usually_recovers_via_retry,False,not_applicable,0.0,False,not_applicable,validation
CASE00976,TXN000976,CUST00334,subscription_renewal_failed,failed_subscription,828.38,828.38,2026-06-05 03:00:00,Netbanking,failed_recurring,network failure,,,failed,active_pending_retry,,,,0,2,25,0.673,142245.16,reliable,False,False,True,usually_recovers_via_retry,False,not_recovered,0.0,True,no_recovery_within_window,validation
CASE00977,TXN000977,CUST00027,checkout_abandoned,checkout_abandonment,1037.73,1037.73,2026-07-17 19:00:00,Card,abandoned,,True,False,,,,,,0,0,4,0.509,5484.25,occasional_failure,False,False,True,usually_needs_reminder,True,recovered,1037.73,True,paid_after_reminder_or_link,train
CASE00978,TXN000978,CUST00052,payment_success,successful,1013.98,0.0,2026-06-08 14:00:00,Card,success,,True,True,,,,,,0,0,1,0.26,1594.97,new,False,True,False,new_customer,False,not_applicable,0.0,False,not_applicable,validation
CASE00979,TXN000979,CUST00281,payment_failed,failed_payment,2773.33,2773.33,2026-07-20 23:00:00,Card,failed,insufficient funds,True,True,,,,,,2,3,0,0.574,2213.12,new,False,False,True,new_customer,False,not_recovered,0.0,True,no_recovery_within_window,train
CASE00980,TXN000980,CUST00277,checkout_abandoned,checkout_abandonment,3438.99,3438.99,2026-07-15 20:00:00,UPI,abandoned,,True,False,,,,,,0,1,4,0.872,12286.2,occasional_failure,False,False,True,usually_needs_reminder,True,recovered,3438.99,True,paid_after_reminder_or_link,test
CASE00981,TXN000981,CUST00440,payment_success,successful,1140.11,0.0,2026-05-30 17:00:00,UPI,success,,True,True,,,,,,0,0,20,0.872,47680.29,reliable,False,False,True,usually_recovers_via_retry,False,not_applicable,0.0,False,not_applicable,train
CASE00982,TXN000982,CUST00166,payment_failed,failed_payment,2476.79,2476.79,2026-06-22 02:00:00,UPI,failed,UPI timeout,True,True,,,,,,0,0,5,0.681,14244.62,occasional_failure,False,False,True,usually_needs_reminder,True,recovered,2476.79,True,retry_succeeded,test
CASE00983,TXN000983,CUST00027,payment_success,successful,2702.49,0.0,2026-06-09 18:00:00,UPI,success,,True,True,,,,,,0,0,4,0.509,5484.25,occasional_failure,False,False,True,usually_needs_reminder,False,not_applicable,0.0,False,not_applicable,train
CASE00984,TXN000984,CUST00241,invoice_overdue,overdue_receivable,15087.25,15087.25,2026-08-20 00:00:00,Card,overdue,,,,,,overdue,2026-08-03,17.0,0,0,26,0.861,83539.16,reliable,False,False,True,usually_recovers_via_retry,True,recovered,9380.62,True,paid_after_reminder_or_link,test
CASE00985,TXN000985,CUST00295,payment_success,successful,1072.23,0.0,2026-07-05 20:00:00,UPI,success,,True,True,,,,,,0,0,27,0.915,206263.05,reliable,False,False,True,usually_recovers_via_retry,False,not_applicable,0.0,False,not_applicable,train
CASE00986,TXN000986,CUST00061,invoice_overdue,overdue_receivable,7853.67,7853.67,2026-08-20 00:00:00,Card,overdue,,,,,,overdue,2026-07-17,34.0,0,1,16,0.956,48524.62,reliable,False,False,True,usually_recovers_via_retry,True,recovered,5943.26,True,paid_after_reminder_or_link,test
CASE00987,TXN000987,CUST00247,payment_success,successful,1182.99,0.0,2026-05-29 15:00:00,Netbanking,success,,True,True,,,,,,0,0,18,0.904,34885.55,reliable,False,False,True,usually_recovers_via_retry,False,not_applicable,0.0,False,not_applicable,train
CASE00988,TXN000988,CUST00086,checkout_abandoned,checkout_abandonment,1712.01,1712.01,2026-06-25 16:00:00,Card,abandoned,,True,False,,,,,,0,0,0,0.884,2913.54,new,False,False,True,new_customer,True,recovered,1712.01,True,paid_after_reminder_or_link,train
CASE00989,TXN000989,CUST00382,invoice_overdue,overdue_receivable,6668.9,6668.9,2026-08-20 00:00:00,UPI,overdue,,,,,,overdue,2026-08-14,6.0,0,2,3,0.662,6106.25,frequent_failure,False,False,True,rarely_recovers,True,recovered,4740.92,True,paid_after_reminder_or_link,train
CASE00990,TXN000990,CUST00379,invoice_overdue,overdue_receivable,6701.0,6701.0,2026-08-20 00:00:00,UPI,overdue,,,,,,overdue,2026-08-16,4.0,0,0,5,0.839,7507.27,occasional_failure,False,False,True,usually_needs_reminder,True,recovered,4331.27,True,paid_after_reminder_or_link,train
CASE00991,TXN000991,CUST00190,payment_success,successful,2895.97,0.0,2026-07-04 10:00:00,EMI,success,,True,True,,,,,,0,0,5,0.98,4084.9,occasional_failure,False,False,True,usually_needs_reminder,False,not_applicable,0.0,False,not_applicable,test
CASE00992,TXN000992,CUST00437,payment_success,successful,5474.55,0.0,2026-06-26 17:00:00,UPI,success,,True,True,,,,,,0,0,0,0.776,974.12,new,False,False,True,new_customer,False,not_applicable,0.0,False,not_applicable,train
CASE00993,TXN000993,CUST00443,payment_success,successful,373.56,0.0,2026-06-13 03:00:00,Card,success,,True,True,,,,,,0,0,19,0.919,25833.43,reliable,False,False,True,usually_recovers_via_retry,False,not_applicable,0.0,False,not_applicable,train
CASE00994,TXN000994,CUST00056,payment_success,successful,2289.19,0.0,2026-06-27 20:00:00,UPI,success,,True,True,,,,,,0,0,24,0.936,20661.32,reliable,False,False,True,usually_recovers_via_retry,False,not_applicable,0.0,False,not_applicable,train
CASE00995,TXN000995,CUST00162,subscription_renewal_failed,failed_subscription,353.68,353.68,2026-07-08 12:00:00,Netbanking,failed_recurring,network failure,,,failed,active_pending_retry,,,,2,2,6,0.434,8914.71,frequent_failure,False,False,True,rarely_recovers,True,recovered,353.68,True,retry_succeeded,train
CASE00996,TXN000996,CUST00274,subscription_renewal_failed,failed_subscription,399.25,399.25,2026-07-11 10:00:00,Wallet,failed_recurring,insufficient funds,,,failed,active_pending_retry,,,,0,0,19,0.86,29005.04,reliable,False,False,True,usually_recovers_via_retry,True,recovered,399.25,True,retry_succeeded,validation
CASE00997,TXN000997,CUST00037,checkout_abandoned,checkout_abandonment,1092.46,1092.46,2026-07-31 22:00:00,Card,abandoned,,True,False,,,,,,0,0,0,0.538,531.17,new,False,False,True,new_customer,False,not_recovered,0.0,True,no_recovery_within_window,validation
CASE00998,TXN000998,CUST00170,invoice_overdue,overdue_receivable,2609.33,2609.33,2026-08-20 00:00:00,Card,overdue,,,,,,overdue,2026-06-28,53.0,0,0,8,0.23,2772.64,frequent_failure,False,False,True,rarely_recovers,True,recovered,2095.86,True,paid_after_reminder_or_link,train
CASE00999,TXN000999,CUST00116,payment_failed,failed_payment,14727.69,14727.69,2026-07-17 05:00:00,UPI,failed,bank decline,True,True,,,,,,0,0,21,0.926,90790.38,reliable,False,False,True,usually_recovers_via_retry,True,recovered,14727.69,True,retry_succeeded,validation
CASE01000,TXN001000,CUST00431,payment_failed,failed_payment,4417.08,4417.08,2026-05-29 08:00:00,Wallet,failed,network failure,True,True,,,,,,0,0,8,0.398,6679.25,frequent_failure,False,False,True,rarely_recovers,False,not_recovered,0.0,True,no_recovery_within_window,train
